date,temp_mean,temp_min,temp_max,climate_id
2016-01-01,-2.0,-3.8,-0.2,6105978
2016-01-02,-3.9,-7.4,-0.4,6105978
2016-01-03,-8.4,-16.5,-0.3,6105978
2016-01-04,,-19.9,,6105978
2016-01-05,,,,6105978
2016-01-06,-8.4,-17.8,1.1,6105978
2016-01-07,-5.1,-9.9,-0.2,6105978
2016-01-08,-5.9,-9.9,-1.8,6105978
2016-01-09,1.0,-2.1,4.1,6105978
2016-01-10,0.3,-5.5,6.1,6105978
2016-01-11,-10.7,-15.8,-5.5,6105978
2016-01-12,-9.6,-16.0,-3.1,6105978
2016-01-13,-13.5,-19.2,-7.8,6105978
2016-01-14,-9.9,-14.9,-4.9,6105978
2016-01-15,-10.4,-13.2,-7.5,6105978
2016-01-16,-6.6,-10.0,-3.1,6105978
2016-01-17,-12.2,-17.6,-6.7,6105978
2016-01-18,-11.9,-17.1,-6.7,6105978
2016-01-19,-13.9,-17.8,-10.0,6105978
2016-01-20,-9.1,-12.8,-5.3,6105978
2016-01-21,-10.7,-13.8,-7.5,6105978
2016-01-22,-8.6,-12.3,-4.8,6105978
2016-01-23,-11.8,-17.3,-6.2,6105978
2016-01-24,-12.0,-17.8,-6.2,6105978
2016-01-25,-3.9,-7.2,-0.6,6105978
2016-01-26,0.1,-5.3,5.4,6105978
2016-01-27,-5.8,-10.9,-0.7,6105978
2016-01-28,-3.4,-7.1,0.3,6105978
2016-01-29,-5.5,-11.5,0.6,6105978
2016-01-30,-8.4,-11.6,-5.2,6105978
2016-01-31,-0.1,-5.7,5.6,6105978
2016-02-01,2.7,-2.0,7.4,6105978
2016-02-02,-5.1,-9.0,-1.3,6105978
2016-02-03,0.9,-5.3,7.0,6105978
2016-02-04,0.2,-4.5,4.8,6105978
2016-02-05,-6.0,-9.1,-2.9,6105978
2016-02-06,-1.1,-4.2,2.0,6105978
2016-02-07,-3.9,-8.9,1.1,6105978
2016-02-08,-7.2,-8.5,-5.9,6105978
2016-02-09,-7.4,-8.7,-6.0,6105978
2016-02-10,-8.3,-13.1,-3.5,6105978
2016-02-11,-16.4,-19.7,-13.0,6105978
2016-02-12,-12.8,-21.4,-4.2,6105978
2016-02-13,-23.1,-28.9,-17.2,6105978
2016-02-14,-23.5,-28.9,-18.0,6105978
2016-02-15,-16.7,-24.1,-9.2,6105978
2016-02-16,-6.9,-10.0,-3.7,6105978
2016-02-17,-7.3,-14.5,0.0,6105978
2016-02-18,-14.4,-21.3,-7.4,6105978
2016-02-19,-11.8,-22.5,-1.1,6105978
2016-02-20,2.0,-1.4,5.3,6105978
2016-02-21,-4.3,-10.5,2.0,6105978
2016-02-22,-13.1,-18.5,-7.6,6105978
2016-02-23,-12.1,-18.5,-5.6,6105978
2016-02-24,-2.4,-5.9,1.1,6105978
2016-02-25,-3.6,-8.8,1.6,6105978
2016-02-26,-12.4,-15.9,-8.9,6105978
2016-02-27,-7.5,-17.4,2.5,6105978
2016-02-28,-3.0,-8.5,2.6,6105978
2016-02-29,-5.9,-13.3,1.5,6105978
2016-03-01,-13.7,-17.5,-9.8,6105978
2016-03-02,-11.7,-15.9,-7.5,6105978
2016-03-03,-17.2,-23.6,-10.8,6105978
2016-03-04,-13.2,-22.4,-4.0,6105978
2016-03-05,-9.4,-19.4,0.7,6105978
2016-03-06,-5.0,-12.7,2.7,6105978
2016-03-07,1.8,-2.2,5.7,6105978
2016-03-08,3.7,1.2,6.1,6105978
2016-03-09,6.5,0.8,12.2,6105978
2016-03-10,4.8,1.0,8.6,6105978
2016-03-11,-0.3,-4.3,3.8,6105978
2016-03-12,2.2,-5.1,9.5,6105978
2016-03-13,4.9,0.8,9.0,6105978
2016-03-14,1.3,-0.2,2.7,6105978
2016-03-15,2.8,1.5,4.0,6105978
2016-03-16,4.5,2.1,6.8,6105978
2016-03-17,5.3,1.4,9.2,6105978
2016-03-18,-1.3,-5.2,2.6,6105978
2016-03-19,-4.8,-9.6,0.0,6105978
2016-03-20,-3.5,-8.0,1.1,6105978
2016-03-21,-1.9,-7.5,3.8,6105978
2016-03-22,-0.6,-6.0,4.9,6105978
2016-03-23,0.7,-1.5,2.9,6105978
2016-03-24,-4.3,-7.0,-1.5,6105978
2016-03-25,-3.7,-7.1,-0.2,6105978
2016-03-26,-1.2,-8.1,5.8,6105978
2016-03-27,4.8,-2.7,12.2,6105978
2016-03-28,3.7,1.5,5.9,6105978
2016-03-29,1.8,-2.5,6.0,6105978
2016-03-30,3.5,-3.5,10.4,6105978
2016-03-31,9.1,3.9,14.2,6105978
2016-04-01,8.2,2.3,14.0,6105978
2016-04-02,0.8,-4.3,5.9,6105978
2016-04-03,-7.1,-9.9,-4.3,6105978
2016-04-04,-5.1,-8.6,-1.5,6105978
2016-04-05,-5.0,-9.6,-0.3,6105978
2016-04-06,-1.4,-4.0,1.2,6105978
2016-04-07,2.9,0.0,5.8,6105978
2016-04-08,-1.3,-5.6,3.0,6105978
2016-04-09,-5.2,-9.1,-1.2,6105978
2016-04-10,-3.9,-9.7,2.0,6105978
2016-04-11,2.1,-1.9,6.0,6105978
2016-04-12,2.6,-1.0,6.1,6105978
2016-04-13,1.9,-3.1,6.8,6105978
2016-04-14,3.9,-2.7,10.4,6105978
2016-04-15,7.1,-0.1,14.2,6105978
2016-04-16,9.9,3.5,16.2,6105978
2016-04-17,12.0,1.4,22.6,6105978
2016-04-18,10.1,4.9,15.2,6105978
2016-04-19,8.1,1.7,14.4,6105978
2016-04-20,7.8,0.0,15.5,6105978
2016-04-21,11.1,0.3,21.8,6105978
2016-04-22,9.4,4.6,14.2,6105978
2016-04-23,5.3,0.5,10.0,6105978
2016-04-24,5.0,-2.0,12.0,6105978
2016-04-25,4.4,0.1,8.7,6105978
2016-04-26,6.1,1.2,11.0,6105978
2016-04-27,3.3,-2.3,8.8,6105978
2016-04-28,4.1,-1.4,9.6,6105978
2016-04-29,6.2,-0.6,13.0,6105978
2016-04-30,8.1,-0.1,16.3,6105978
2016-05-01,8.4,6.6,10.1,6105978
2016-05-02,6.8,3.4,10.2,6105978
2016-05-03,8.3,0.8,15.8,6105978
2016-05-04,10.0,5.0,15.0,6105978
2016-05-05,13.6,7.7,19.4,6105978
2016-05-06,13.3,4.4,22.1,6105978
2016-05-07,15.1,10.2,19.9,6105978
2016-05-08,5.1,1.7,8.3,6105978
2016-05-09,6.8,0.8,12.7,6105978
2016-05-10,10.0,1.5,18.4,6105978
2016-05-11,13.3,4.1,22.5,6105978
2016-05-12,18.0,9.6,26.4,6105978
2016-05-13,17.3,11.7,22.9,6105978
2016-05-14,11.1,6.0,16.0,6105978
2016-05-15,6.6,3.9,9.2,6105978
2016-05-16,8.0,3.2,12.8,6105978
2016-05-17,8.4,1.0,15.8,6105978
2016-05-18,11.2,5.5,16.8,6105978
2016-05-19,15.1,9.7,20.4,6105978
2016-05-20,15.6,6.7,24.4,6105978
2016-05-21,17.1,8.9,25.3,6105978
2016-05-22,19.1,13.0,25.2,6105978
2016-05-23,18.1,9.4,26.7,6105978
2016-05-24,18.8,8.7,28.9,6105978
2016-05-25,19.4,13.0,25.8,6105978
2016-05-26,18.9,12.4,25.4,6105978
2016-05-27,22.4,14.2,30.5,6105978
2016-05-28,24.2,16.7,31.7,6105978
2016-05-29,25.2,17.8,32.5,6105978
2016-05-30,23.0,17.2,28.7,6105978
2016-05-31,17.0,10.8,23.1,6105978
2016-06-01,17.4,10.2,24.6,6105978
2016-06-02,19.3,14.9,23.7,6105978
2016-06-03,19.7,13.5,25.9,6105978
2016-06-04,20.4,14.5,26.3,6105978
2016-06-05,17.5,14.6,20.3,6105978
2016-06-06,19.6,16.2,22.9,6105978
2016-06-07,16.0,11.0,20.9,6105978
2016-06-08,10.8,8.7,12.9,6105978
2016-06-09,13.1,7.5,18.6,6105978
2016-06-10,13.8,7.9,19.6,6105978
2016-06-11,13.5,10.1,16.8,6105978
2016-06-12,11.6,8.7,14.4,6105978
2016-06-13,15.5,9.9,21.0,6105978
2016-06-14,16.5,8.2,24.7,6105978
2016-06-15,19.7,11.8,27.5,6105978
2016-06-16,20.5,12.5,28.4,6105978
2016-06-17,20.2,10.8,29.6,6105978
2016-06-18,21.6,11.3,31.8,6105978
2016-06-19,24.5,15.3,33.7,6105978
2016-06-20,25.3,18.1,32.4,6105978
2016-06-21,19.1,14.5,23.6,6105978
2016-06-22,17.3,12.7,21.9,6105978
2016-06-23,18.3,10.7,25.8,6105978
2016-06-24,19.1,10.4,27.7,6105978
2016-06-25,22.3,13.4,31.1,6105978
2016-06-26,24.5,16.4,32.6,6105978
2016-06-27,25.1,20.5,29.7,6105978
2016-06-28,21.5,17.7,25.3,6105978
2016-06-29,19.5,14.2,24.7,6105978
2016-06-30,21.2,13.1,29.2,6105978
2016-07-01,19.8,12.4,27.1,6105978
2016-07-02,17.8,13.2,22.3,6105978
2016-07-03,20.6,13.9,27.2,6105978
2016-07-04,22.3,15.2,29.4,6105978
2016-07-05,22.2,12.6,31.7,6105978
2016-07-06,24.6,18.2,30.9,6105978
2016-07-07,24.6,19.8,29.3,6105978
2016-07-08,19.6,17.5,21.7,6105978
2016-07-09,16.9,15.5,18.2,6105978
2016-07-10,17.1,12.6,21.5,6105978
2016-07-11,19.8,11.5,28.1,6105978
2016-07-12,21.8,14.8,28.8,6105978
2016-07-13,24.7,17.9,31.5,6105978
2016-07-14,23.7,19.1,28.2,6105978
2016-07-15,22.2,16.5,27.8,6105978
2016-07-16,18.8,14.7,22.8,6105978
2016-07-17,21.9,17.8,25.9,6105978
2016-07-18,22.5,16.6,28.4,6105978
2016-07-19,17.6,12.5,22.7,6105978
2016-07-20,19.1,11.7,26.5,6105978
2016-07-21,22.7,14.1,31.3,6105978
2016-07-22,26.7,20.9,32.4,6105978
2016-07-23,22.6,17.2,28.0,6105978
2016-07-24,19.3,12.2,26.4,6105978
2016-07-25,23.2,18.1,28.2,6105978
2016-07-26,,19.7,,6105978
2016-07-27,23.1,15.9,30.2,6105978
2016-07-28,23.0,18.6,27.3,6105978
2016-07-29,19.8,14.7,24.8,6105978
2016-07-30,20.5,14.7,26.2,6105978
2016-07-31,21.3,13.8,28.8,6105978
2016-08-01,23.5,17.9,29.1,6105978
2016-08-02,22.3,15.2,29.3,6105978
2016-08-03,22.6,14.8,30.4,6105978
2016-08-04,25.9,18.5,33.2,6105978
2016-08-05,26.3,20.2,32.4,6105978
2016-08-06,23.5,18.9,28.0,6105978
2016-08-07,20.5,13.9,27.0,6105978
2016-08-08,21.3,13.0,29.6,6105978
2016-08-09,22.4,12.8,32.0,6105978
2016-08-10,27.1,20.0,34.2,6105978
2016-08-11,27.6,21.6,33.6,6105978
2016-08-12,22.0,17.5,26.4,6105978
2016-08-13,17.7,16.0,19.3,6105978
2016-08-14,20.2,16.6,23.7,6105978
2016-08-15,21.6,15.6,27.5,6105978
2016-08-16,19.6,16.9,22.2,6105978
2016-08-17,22.0,16.5,27.4,6105978
2016-08-18,20.9,14.7,27.0,6105978
2016-08-19,21.2,13.4,28.9,6105978
2016-08-20,23.4,16.7,30.1,6105978
2016-08-21,19.2,14.0,24.3,6105978
2016-08-22,16.8,11.5,22.0,6105978
2016-08-23,18.9,10.6,27.2,6105978
2016-08-24,22.1,15.5,28.6,6105978
2016-08-25,25.3,20.7,29.8,6105978
2016-08-26,23.9,19.9,27.8,6105978
2016-08-27,22.0,17.4,26.5,6105978
2016-08-28,23.9,18.6,29.2,6105978
2016-08-29,19.1,13.8,24.3,6105978
2016-08-30,19.4,13.3,25.4,6105978
2016-08-31,21.2,15.9,26.5,6105978
2016-09-01,18.2,13.4,22.9,6105978
2016-09-02,14.8,9.6,19.9,6105978
2016-09-03,15.5,7.5,23.4,6105978
2016-09-04,17.1,8.0,26.2,6105978
2016-09-05,18.1,8.3,27.9,6105978
2016-09-06,20.2,10.7,29.6,6105978
2016-09-07,22.2,15.9,28.4,6105978
2016-09-08,24.3,20.9,27.6,6105978
2016-09-09,21.0,15.9,26.1,6105978
2016-09-10,19.8,13.6,25.9,6105978
2016-09-11,14.7,9.1,20.1,6105978
2016-09-12,16.0,7.9,24.0,6105978
2016-09-13,18.6,10.5,26.7,6105978
2016-09-14,15.2,8.8,21.6,6105978
2016-09-15,11.2,4.5,17.9,6105978
2016-09-16,13.5,4.7,22.2,6105978
2016-09-17,16.8,11.0,22.5,6105978
2016-09-18,21.5,16.6,26.3,6105978
2016-09-19,19.8,13.8,25.7,6105978
2016-09-20,20.9,15.6,26.1,6105978
2016-09-21,19.2,12.3,26.1,6105978
2016-09-22,18.2,13.0,23.4,6105978
2016-09-23,12.2,6.9,17.5,6105978
2016-09-24,11.1,4.6,17.6,6105978
2016-09-25,10.1,3.1,17.0,6105978
2016-09-26,10.4,3.9,16.8,6105978
2016-09-27,16.0,10.7,21.2,6105978
2016-09-28,15.0,10.3,19.7,6105978
2016-09-29,13.6,8.7,18.4,6105978
2016-09-30,14.6,11.0,18.2,6105978
2016-10-01,14.5,11.7,17.2,6105978
2016-10-02,13.7,12.0,15.4,6105978
2016-10-03,15.6,11.1,20.1,6105978
2016-10-04,13.8,7.7,19.8,6105978
2016-10-05,14.3,8.1,20.5,6105978
2016-10-06,14.4,6.3,22.5,6105978
2016-10-07,16.2,7.7,24.7,6105978
2016-10-08,13.1,8.9,17.3,6105978
2016-10-09,7.2,3.2,11.2,6105978
2016-10-10,6.7,1.5,11.9,6105978
2016-10-11,9.1,-0.3,18.5,6105978
2016-10-12,13.0,5.7,20.2,6105978
2016-10-13,8.9,2.8,15.0,6105978
2016-10-14,5.4,-2.0,12.7,6105978
2016-10-15,9.6,1.0,18.2,6105978
2016-10-16,16.3,13.4,19.2,6105978
2016-10-17,11.1,7.3,14.8,6105978
2016-10-18,16.0,8.2,23.7,6105978
2016-10-19,11.3,5.9,16.6,6105978
2016-10-20,8.8,5.2,12.3,6105978
2016-10-21,7.9,5.6,10.2,6105978
2016-10-22,4.7,3.6,5.7,6105978
2016-10-23,6.5,2.0,10.9,6105978
2016-10-24,4.4,1.5,7.3,6105978
2016-10-25,3.1,-0.3,6.4,6105978
2016-10-26,0.2,-2.6,3.0,6105978
2016-10-27,0.2,-2.3,2.6,6105978
2016-10-28,2.6,0.5,4.6,6105978
2016-10-29,5.1,1.4,8.7,6105978
2016-10-30,3.6,0.8,6.3,6105978
2016-10-31,1.0,-2.6,4.6,6105978
2016-11-01,3.1,-2.4,8.6,6105978
2016-11-02,,6.1,,6105978
2016-11-03,8.3,5.0,11.6,6105978
2016-11-04,2.0,-1.3,5.2,6105978
2016-11-05,6.9,2.7,11.1,6105978
2016-11-06,3.8,-0.9,8.5,6105978
2016-11-07,5.8,-2.6,14.2,6105978
2016-11-08,7.9,-0.6,16.4,6105978
2016-11-09,5.3,-0.6,11.1,6105978
2016-11-10,5.4,-2.2,13.0,6105978
2016-11-11,6.1,1.1,11.0,6105978
2016-11-12,2.6,-2.1,7.2,6105978
2016-11-13,8.1,3.8,12.3,6105978
2016-11-14,8.2,2.2,14.1,6105978
2016-11-15,6.0,0.3,11.6,6105978
2016-11-16,6.2,2.2,10.2,6105978
2016-11-17,6.3,1.8,10.8,6105978
2016-11-18,5.7,1.3,10.1,6105978
2016-11-19,6.1,3.2,8.9,6105978
2016-11-20,0.4,-2.9,3.7,6105978
2016-11-21,-2.9,-3.9,-1.9,6105978
2016-11-22,-1.8,-3.6,0.1,6105978
2016-11-23,-3.0,-5.3,-0.6,6105978
2016-11-24,-1.8,-3.2,-0.4,6105978
2016-11-25,0.2,-0.4,0.8,6105978
2016-11-26,1.2,0.2,2.2,6105978
2016-11-27,-0.4,-1.5,0.8,6105978
2016-11-28,-0.8,-2.5,0.9,6105978
2016-11-29,-0.2,-2.0,1.7,6105978
2016-11-30,3.5,1.2,5.7,6105978
2016-12-01,6.1,4.5,7.6,6105978
2016-12-02,3.3,1.5,5.0,6105978
2016-12-03,0.8,-1.2,2.8,6105978
2016-12-04,-1.5,-4.7,1.7,6105978
2016-12-05,-3.5,-6.0,-1.0,6105978
2016-12-06,-2.5,-7.1,2.2,6105978
2016-12-07,1.4,-1.8,4.5,6105978
2016-12-08,-1.3,-4.2,1.7,6105978
2016-12-09,-6.5,-9.0,-4.0,6105978
2016-12-10,-10.2,-14.6,-5.8,6105978
2016-12-11,-8.8,-12.8,-4.8,6105978
2016-12-12,-4.1,-5.8,-2.4,6105978
2016-12-13,-2.7,-6.6,1.3,6105978
2016-12-14,-6.7,-9.9,-3.4,6105978
2016-12-15,-15.2,-20.9,-9.4,6105978
2016-12-16,-21.7,-27.2,-16.2,6105978
2016-12-17,-12.5,-17.1,-7.8,6105978
2016-12-18,-12.9,-20.2,-5.6,6105978
2016-12-19,-20.1,-26.4,-13.8,6105978
2016-12-20,-10.4,-20.6,-0.1,6105978
2016-12-21,-0.2,-4.2,3.8,6105978
2016-12-22,-0.3,-2.2,1.7,6105978
2016-12-23,0.1,-1.7,1.8,6105978
2016-12-24,1.4,-0.9,3.6,6105978
2016-12-25,-4.9,-11.9,2.1,6105978
2016-12-26,-2.6,-11.5,6.4,6105978
2016-12-27,3.2,-0.8,7.1,6105978
2016-12-28,-5.3,-9.8,-0.8,6105978
2016-12-29,-5.2,-7.2,-3.2,6105978
2016-12-30,-8.2,-13.4,-2.9,6105978
2016-12-31,-13.3,-18.6,-8.0,6105978
2017-01-01,-7.7,-12.4,-2.9,6105978
2017-01-02,-6.9,-13.7,-0.1,6105978
2017-01-03,-1.5,-3.3,0.3,6105978
2017-01-04,-2.3,-7.3,2.7,6105978
2017-01-05,-9.8,-13.6,-5.9,6105978
2017-01-06,-13.6,-20.2,-7.0,6105978
2017-01-07,-17.0,-22.6,-11.3,6105978
2017-01-08,-17.3,-22.2,-12.4,6105978
2017-01-09,,-25.5,,6105978
2017-01-10,-2.7,-6.7,1.3,6105978
2017-01-11,3.5,1.2,5.8,6105978
2017-01-12,1.3,-3.3,5.9,6105978
2017-01-13,-9.1,-16.2,-2.0,6105978
2017-01-14,-16.0,-22.2,-9.8,6105978
2017-01-15,-10.1,-14.4,-5.8,6105978
2017-01-16,-5.4,-14.7,3.9,6105978
2017-01-17,-5.6,-10.2,-1.0,6105978
2017-01-18,-2.0,-4.2,0.2,6105978
2017-01-19,1.0,-0.1,2.0,6105978
2017-01-20,1.2,0.5,1.8,6105978
2017-01-21,1.4,0.1,2.6,6105978
2017-01-22,0.8,-0.8,2.4,6105978
2017-01-23,-1.5,-2.6,-0.4,6105978
2017-01-24,-2.3,-3.3,-1.3,6105978
2017-01-25,-1.1,-3.3,1.1,6105978
2017-01-26,0.5,0.1,0.9,6105978
2017-01-27,-0.7,-2.1,0.7,6105978
2017-01-28,-1.9,-4.2,0.5,6105978
2017-01-29,-6.4,-11.1,-1.6,6105978
2017-01-30,-15.1,-19.6,-10.6,6105978
2017-01-31,-15.2,-21.5,-8.8,6105978
2017-02-01,-8.7,-12.4,-5.0,6105978
2017-02-02,-10.6,-15.3,-5.9,6105978
2017-02-03,-8.3,-11.3,-5.2,6105978
2017-02-04,-8.8,-14.7,-2.9,6105978
2017-02-05,-5.5,-10.5,-0.4,6105978
2017-02-06,-12.3,-15.4,-9.2,6105978
2017-02-07,-7.9,-10.8,-4.9,6105978
2017-02-08,-5.2,-13.2,2.9,6105978
2017-02-09,-13.8,-17.1,-10.4,6105978
2017-02-10,-15.2,-17.8,-12.5,6105978
2017-02-11,-12.1,-14.5,-9.6,6105978
2017-02-12,-9.0,-11.7,-6.2,6105978
2017-02-13,-8.8,-13.7,-3.8,6105978
2017-02-14,-8.8,-14.3,-3.2,6105978
2017-02-15,-3.3,-5.7,-0.8,6105978
2017-02-16,-6.0,-8.4,-3.5,6105978
2017-02-17,-7.0,-10.9,-3.1,6105978
2017-02-18,-0.4,-9.5,8.8,6105978
2017-02-19,2.4,-2.3,7.1,6105978
2017-02-20,-3.7,-10.3,3.0,6105978
2017-02-21,-5.2,-11.9,1.5,6105978
2017-02-22,2.5,-0.1,5.1,6105978
2017-02-23,7.3,1.9,12.7,6105978
2017-02-24,1.8,0.5,3.0,6105978
2017-02-25,1.8,-0.4,4.0,6105978
2017-02-26,-3.2,-7.1,0.7,6105978
2017-02-27,-0.5,-5.5,4.5,6105978
2017-02-28,-1.4,-7.4,4.6,6105978
2017-03-01,1.3,-2.5,5.0,6105978
2017-03-02,-7.6,-12.6,-2.5,6105978
2017-03-03,-12.8,-15.7,-9.9,6105978
2017-03-04,-17.3,-20.8,-13.7,6105978
2017-03-05,-12.8,-19.6,-6.0,6105978
2017-03-06,-6.5,-10.7,-2.2,6105978
2017-03-07,1.9,-2.8,6.5,6105978
2017-03-08,3.8,-0.7,8.2,6105978
2017-03-09,-3.5,-6.5,-0.4,6105978
2017-03-10,-10.9,-18.5,-3.2,6105978
2017-03-11,-17.0,-19.4,-14.6,6105978
2017-03-12,-14.7,-18.0,-11.3,6105978
2017-03-13,-12.9,-16.6,-9.2,6105978
2017-03-14,-9.7,-10.8,-8.5,6105978
2017-03-15,-7.7,-10.1,-5.2,6105978
2017-03-16,,-11.7,,6105978
2017-03-17,-6.8,-13.1,-0.4,6105978
2017-03-18,,-15.0,,6105978
2017-03-19,-2.6,-12.0,6.9,6105978
2017-03-20,,-9.8,,6105978
2017-03-21,,0.9,,6105978
2017-03-22,,-14.9,,6105978
2017-03-23,-4.8,-12.5,2.9,6105978
2017-03-24,-1.5,-3.9,1.0,6105978
2017-03-25,-0.7,-5.6,4.3,6105978
2017-03-26,-3.5,-6.3,-0.6,6105978
2017-03-27,0.7,-1.0,2.4,6105978
2017-03-28,3.7,1.2,6.1,6105978
2017-03-29,1.5,-2.3,5.3,6105978
2017-03-30,-0.3,-5.7,5.1,6105978
2017-03-31,1.1,0.0,2.2,6105978
2017-04-01,2.3,-0.9,5.5,6105978
2017-04-02,2.4,-4.8,9.6,6105978
2017-04-03,3.0,-2.1,8.0,6105978
2017-04-04,2.5,1.0,4.0,6105978
2017-04-05,5.5,2.6,8.4,6105978
2017-04-06,3.4,2.4,4.4,6105978
2017-04-07,2.0,0.3,3.6,6105978
2017-04-08,4.7,-0.2,9.6,6105978
2017-04-09,8.1,0.4,15.7,6105978
2017-04-10,14.8,6.2,23.4,6105978
2017-04-11,,4.8,,6105978
2017-04-12,6.3,3.8,8.7,6105978
2017-04-13,7.2,1.2,13.2,6105978
2017-04-14,7.4,-0.4,15.1,6105978
2017-04-15,9.0,0.8,17.1,6105978
2017-04-16,10.9,7.1,14.7,6105978
2017-04-17,3.2,-0.8,7.1,6105978
2017-04-18,3.8,-2.6,10.2,6105978
2017-04-19,6.8,3.3,10.2,6105978
2017-04-20,7.2,3.8,10.6,6105978
2017-04-21,10.0,6.0,14.0,6105978
2017-04-22,6.8,2.2,11.4,6105978
2017-04-23,9.4,-0.3,19.1,6105978
2017-04-24,5.6,0.1,11.0,6105978
2017-04-25,8.8,3.6,14.0,6105978
2017-04-26,13.4,9.1,17.6,6105978
2017-04-27,19.1,12.1,26.1,6105978
2017-04-28,15.4,11.7,19.0,6105978
2017-04-29,9.7,3.6,15.7,6105978
2017-04-30,3.8,3.0,4.6,6105978
2017-05-01,7.0,4.2,9.7,6105978
2017-05-02,11.1,7.7,14.5,6105978
2017-05-03,8.6,3.3,13.8,6105978
2017-05-04,8.3,1.0,15.5,6105978
2017-05-05,8.0,7.4,8.5,6105978
2017-05-06,9.7,5.7,13.6,6105978
2017-05-07,3.5,0.5,6.5,6105978
2017-05-08,3.0,0.4,5.6,6105978
2017-05-09,3.1,-0.4,6.6,6105978
2017-05-10,8.6,2.5,14.6,6105978
2017-05-11,8.8,5.6,12.0,6105978
2017-05-12,13.5,7.5,19.4,6105978
2017-05-13,11.9,9.7,14.1,6105978
2017-05-14,11.5,9.0,14.0,6105978
2017-05-15,14.0,8.3,19.6,6105978
2017-05-16,14.4,8.2,20.6,6105978
2017-05-17,21.4,11.9,30.8,6105978
2017-05-18,,20.2,,6105978
2017-05-19,12.9,8.0,17.7,6105978
2017-05-20,11.8,4.9,18.6,6105978
2017-05-21,13.3,9.4,17.1,6105978
2017-05-22,13.7,9.5,17.8,6105978
2017-05-23,14.2,7.2,21.2,6105978
2017-05-24,17.6,11.3,23.8,6105978
2017-05-25,15.8,12.4,19.1,6105978
2017-05-26,14.0,11.8,16.1,6105978
2017-05-27,16.3,9.6,23.0,6105978
2017-05-28,18.0,11.1,24.9,6105978
2017-05-29,16.6,13.7,19.5,6105978
2017-05-30,17.3,12.1,22.4,6105978
2017-05-31,17.0,11.9,22.1,6105978
2017-06-01,12.5,9.0,16.0,6105978
2017-06-02,11.8,8.7,14.9,6105978
2017-06-03,14.2,7.9,20.5,6105978
2017-06-04,13.8,9.2,18.3,6105978
2017-06-05,14.2,12.6,15.7,6105978
2017-06-06,11.3,8.5,14.1,6105978
2017-06-07,15.8,6.4,25.2,6105978
2017-06-08,20.5,13.4,27.6,6105978
2017-06-09,17.8,12.6,23.0,6105978
2017-06-10,19.2,11.9,26.5,6105978
2017-06-11,26.3,20.0,32.5,6105978
2017-06-12,27.3,22.3,32.3,6105978
2017-06-13,20.4,16.2,24.6,6105978
2017-06-14,17.0,11.8,22.1,6105978
2017-06-15,16.9,11.0,22.7,6105978
2017-06-16,18.0,13.3,22.7,6105978
2017-06-17,21.2,17.2,25.2,6105978
2017-06-18,25.5,20.0,30.9,6105978
2017-06-19,22.4,18.1,26.6,6105978
2017-06-20,20.3,15.5,25.1,6105978
2017-06-21,18.7,14.4,22.9,6105978
2017-06-22,19.3,14.1,24.4,6105978
2017-06-23,20.2,16.2,24.1,6105978
2017-06-24,20.2,15.0,25.4,6105978
2017-06-25,17.2,12.5,21.8,6105978
2017-06-26,16.9,12.4,21.3,6105978
2017-06-27,15.0,10.9,19.1,6105978
2017-06-28,17.7,11.9,23.4,6105978
2017-06-29,15.7,14.3,17.1,6105978
2017-06-30,19.4,15.6,23.2,6105978
2017-07-01,21.2,17.8,24.5,6105978
2017-07-02,19.5,15.8,23.2,6105978
2017-07-03,19.4,14.4,24.4,6105978
2017-07-04,19.0,12.4,25.6,6105978
2017-07-05,19.7,12.0,27.4,6105978
2017-07-06,21.6,15.0,28.1,6105978
2017-07-07,23.1,19.0,27.2,6105978
2017-07-08,19.2,15.5,22.9,6105978
2017-07-09,19.5,14.3,24.6,6105978
2017-07-10,20.8,16.9,24.6,6105978
2017-07-11,21.8,16.8,26.7,6105978
2017-07-12,18.1,14.5,21.7,6105978
2017-07-13,18.0,12.5,23.5,6105978
2017-07-14,18.1,15.7,20.5,6105978
2017-07-15,22.7,17.7,27.7,6105978
2017-07-16,22.1,17.8,26.3,6105978
2017-07-17,22.1,18.1,26.0,6105978
2017-07-18,23.3,17.0,29.5,6105978
2017-07-19,22.7,17.5,27.8,6105978
2017-07-20,23.2,17.9,28.4,6105978
2017-07-21,22.3,16.5,28.0,6105978
2017-07-22,20.7,15.8,25.5,6105978
2017-07-23,19.0,16.7,21.3,6105978
2017-07-24,,13.7,,6105978
2017-07-25,17.9,13.0,22.8,6105978
2017-07-26,16.8,11.5,22.1,6105978
2017-07-27,21.4,17.0,25.7,6105978
2017-07-28,18.0,13.0,22.9,6105978
2017-07-29,18.6,12.8,24.3,6105978
2017-07-30,20.0,11.2,28.7,6105978
2017-07-31,21.1,15.1,27.0,6105978
2017-08-01,21.2,13.6,28.8,6105978
2017-08-02,24.2,18.3,30.0,6105978
2017-08-03,21.4,17.0,25.7,6105978
2017-08-04,23.1,17.9,28.2,6105978
2017-08-05,18.8,14.2,23.4,6105978
2017-08-06,17.0,12.4,21.5,6105978
2017-08-07,17.0,12.0,22.0,6105978
2017-08-08,19.0,14.2,23.8,6105978
2017-08-09,19.4,15.1,23.6,6105978
2017-08-10,20.1,14.5,25.6,6105978
2017-08-11,20.9,14.8,27.0,6105978
2017-08-12,19.4,14.7,24.1,6105978
2017-08-13,20.6,15.8,25.3,6105978
2017-08-14,20.4,14.4,26.4,6105978
2017-08-15,21.2,16.6,25.8,6105978
2017-08-16,17.9,12.7,23.0,6105978
2017-08-17,19.0,12.6,25.3,6105978
2017-08-18,19.6,16.2,23.0,6105978
2017-08-19,20.4,17.2,23.6,6105978
2017-08-20,21.1,16.0,26.2,6105978
2017-08-21,22.2,16.3,28.0,6105978
2017-08-22,21.5,17.5,25.5,6105978
2017-08-23,18.3,14.2,22.3,6105978
2017-08-24,15.8,11.0,20.5,6105978
2017-08-25,14.6,8.9,20.2,6105978
2017-08-26,15.0,8.2,21.8,6105978
2017-08-27,16.6,10.2,22.9,6105978
2017-08-28,16.8,9.9,23.7,6105978
2017-08-29,,13.3,,6105978
2017-08-30,,9.1,,6105978
2017-08-31,11.5,7.4,15.5,6105978
2017-09-01,10.8,4.8,16.8,6105978
2017-09-02,12.0,4.0,19.9,6105978
2017-09-03,12.3,10.6,13.9,6105978
2017-09-04,16.2,10.1,22.2,6105978
2017-09-05,17.2,13.0,21.3,6105978
2017-09-06,16.0,13.1,18.8,6105978
2017-09-07,14.8,10.2,19.4,6105978
2017-09-08,13.5,10.4,16.5,6105978
2017-09-09,12.8,7.3,18.3,6105978
2017-09-10,13.1,5.8,20.3,6105978
2017-09-11,15.0,7.9,22.1,6105978
2017-09-12,17.2,9.0,25.4,6105978
2017-09-13,18.9,11.5,26.3,6105978
2017-09-14,19.8,12.7,26.8,6105978
2017-09-15,19.7,12.3,27.1,6105978
2017-09-16,20.8,14.6,27.0,6105978
2017-09-17,21.8,15.3,28.2,6105978
2017-09-18,20.4,13.1,27.7,6105978
2017-09-19,21.3,15.3,27.2,6105978
2017-09-20,21.6,16.8,26.4,6105978
2017-09-21,19.9,13.7,26.0,6105978
2017-09-22,19.6,12.1,27.1,6105978
2017-09-23,21.1,13.9,28.3,6105978
2017-09-24,25.0,19.0,31.0,6105978
2017-09-25,24.5,16.3,32.6,6105978
2017-09-26,23.7,17.0,30.4,6105978
2017-09-27,22.8,15.3,30.2,6105978
2017-09-28,11.9,8.5,15.3,6105978
2017-09-29,9.6,4.6,14.5,6105978
2017-09-30,9.5,4.7,14.3,6105978
2017-10-01,10.2,3.0,17.4,6105978
2017-10-02,12.0,4.0,20.0,6105978
2017-10-03,14.9,6.7,23.0,6105978
2017-10-04,17.9,12.7,23.1,6105978
2017-10-05,15.4,11.3,19.4,6105978
2017-10-06,13.6,8.2,19.0,6105978
2017-10-07,14.5,7.6,21.3,6105978
2017-10-08,18.3,13.5,23.0,6105978
2017-10-09,14.7,11.6,17.8,6105978
2017-10-10,15.3,10.8,19.7,6105978
2017-10-11,8.6,6.3,10.9,6105978
2017-10-12,8.7,1.7,15.6,6105978
2017-10-13,10.2,4.8,15.5,6105978
2017-10-14,15.0,13.3,16.7,6105978
2017-10-15,14.2,6.4,21.9,6105978
2017-10-16,3.9,-0.1,7.8,6105978
2017-10-17,7.8,-0.5,16.0,6105978
2017-10-18,13.3,6.1,20.4,6105978
2017-10-19,13.2,6.6,19.7,6105978
2017-10-20,13.4,8.0,18.8,6105978
2017-10-21,14.0,5.7,22.2,6105978
2017-10-22,14.1,6.4,21.7,6105978
2017-10-23,14.7,8.0,21.3,6105978
2017-10-24,15.7,12.1,19.2,6105978
2017-10-25,9.6,4.8,14.3,6105978
2017-10-26,7.7,3.2,12.2,6105978
2017-10-27,7.6,4.2,10.9,6105978
2017-10-28,11.4,4.1,18.6,6105978
2017-10-29,8.1,6.9,9.3,6105978
2017-10-30,7.9,5.5,10.2,6105978
2017-10-31,5.5,1.3,9.7,6105978
2017-11-01,3.1,0.0,6.1,6105978
2017-11-02,9.3,4.5,14.0,6105978
2017-11-03,7.3,1.8,12.7,6105978
2017-11-04,2.1,-0.6,4.7,6105978
2017-11-05,8.1,2.3,13.9,6105978
2017-11-06,7.8,1.2,14.4,6105978
2017-11-07,1.8,-2.4,5.9,6105978
2017-11-08,3.5,-1.1,8.1,6105978
2017-11-09,1.4,-4.8,7.6,6105978
2017-11-10,-7.9,-10.9,-4.8,6105978
2017-11-11,-5.7,-10.0,-1.3,6105978
2017-11-12,-0.1,-4.1,3.9,6105978
2017-11-13,0.1,-1.1,1.2,6105978
2017-11-14,0.1,-2.0,2.1,6105978
2017-11-15,0.7,-5.0,6.3,6105978
2017-11-16,3.1,-1.7,7.8,6105978
2017-11-17,-3.2,-5.8,-0.5,6105978
2017-11-18,-2.5,-4.4,-0.5,6105978
2017-11-19,-3.1,-6.2,0.1,6105978
2017-11-20,-5.9,-8.3,-3.5,6105978
2017-11-21,1.6,-5.3,8.5,6105978
2017-11-22,-2.4,-7.1,2.4,6105978
2017-11-23,-3.1,-8.3,2.1,6105978
2017-11-24,4.6,1.1,8.0,6105978
2017-11-25,4.0,0.6,7.3,6105978
2017-11-26,-2.1,-4.7,0.6,6105978
2017-11-27,-6.2,-11.4,-0.9,6105978
2017-11-28,-0.2,-11.6,11.2,6105978
2017-11-29,0.8,-5.3,6.8,6105978
2017-11-30,-2.2,-6.4,2.0,6105978
2017-12-01,1.8,0.0,3.5,6105976
2017-12-02,2.3,0.0,4.5,6105976
2017-12-03,2.0,-0.5,4.5,6105976
2017-12-04,3.5,-1.0,8.0,6105976
2017-12-05,6.5,2.0,11.0,6105976
2017-12-06,1.3,-0.5,3.0,6105976
2017-12-07,-0.5,-2.0,1.0,6105976
2017-12-08,-1.5,-3.5,0.5,6105976
2017-12-09,-2.5,-4.5,-0.5,6105976
2017-12-10,-4.5,-6.5,-2.5,6105976
2017-12-11,-13.0,-16.5,-9.5,6105976
2017-12-12,-9.3,-12.5,-6.0,6105976
2017-12-13,-12.8,-14.5,-11.0,6105976
2017-12-14,-16.8,-19.5,-14.0,6105976
2017-12-15,-16.8,-22.5,-11.0,6105976
2017-12-16,-12.3,-16.5,-8.0,6105976
2017-12-17,-16.8,-21.5,-12.0,6105976
2017-12-18,-13.0,-17.5,-8.5,6105976
2017-12-19,-2.5,-10.0,5.0,6105976
2017-12-20,-3.5,-5.0,-2.0,6105976
2017-12-21,-12.5,-14.5,-10.5,6105976
2017-12-22,-12.3,-16.0,-8.5,6105976
2017-12-23,-9.5,-12.5,-6.5,6105976
2017-12-24,-9.0,-12.0,-6.0,6105976
2017-12-25,-7.3,-9.0,-5.5,6105976
2017-12-26,-14.5,-16.0,-13.0,6105976
2017-12-27,,,,6105976
2017-12-28,,,,6105976
2017-12-29,,,,6105976
2017-12-30,-21.5,-27.0,-16.0,6105976
2017-12-31,-22.0,-24.5,-19.5,6105976
2018-01-01,-23.6,-28.8,-18.3,6105978
2018-01-02,-15.9,-25.1,-6.7,6105978
2018-01-03,-8.6,-10.5,-6.6,6105978
2018-01-04,-13.3,-19.6,-7.0,6105978
2018-01-05,-22.3,-24.9,-19.6,6105978
2018-01-06,-23.0,-25.1,-20.9,6105978
2018-01-07,-18.8,-28.5,-9.1,6105978
2018-01-08,-5.0,-11.3,1.3,6105978
2018-01-09,-7.5,-15.3,0.4,6105978
2018-01-10,-10.9,-18.8,-3.0,6105978
2018-01-11,2.7,-3.1,8.5,6105978
2018-01-12,-0.6,-12.6,11.4,6105978
2018-01-13,-16.5,-20.6,-12.4,6105978
2018-01-14,-19.4,-23.6,-15.1,6105978
2018-01-15,-18.3,-22.1,-14.4,6105978
2018-01-16,-13.8,-17.8,-9.7,6105978
2018-01-17,-11.8,-18.4,-5.2,6105978
2018-01-18,-5.3,-6.7,-3.9,6105978
2018-01-19,-1.9,-4.7,0.9,6105978
2018-01-20,3.3,0.0,6.6,6105978
2018-01-21,-1.1,-3.6,1.5,6105978
2018-01-22,-5.4,-7.4,-3.4,6105978
2018-01-23,-1.5,-6.0,3.1,6105978
2018-01-24,-10.1,-14.2,-6.0,6105978
2018-01-25,-13.8,-17.5,-10.1,6105978
2018-01-26,-12.2,-18.5,-5.8,6105978
2018-01-27,-2.6,-11.7,6.5,6105978
2018-01-28,-1.7,-7.5,4.2,6105978
2018-01-29,-9.1,-12.1,-6.1,6105978
2018-01-30,-12.5,-16.6,-8.4,6105978
2018-01-31,-14.8,-19.3,-10.3,6105978
2018-02-01,-3.6,-12.1,5.0,6105978
2018-02-02,-16.1,-20.1,-12.0,6105978
2018-02-03,-13.6,-20.5,-6.6,6105978
2018-02-04,-3.3,-7.0,0.5,6105978
2018-02-05,-11.8,-16.5,-7.0,6105978
2018-02-06,-12.7,-20.2,-5.2,6105978
2018-02-07,-13.7,-19.0,-8.4,6105978
2018-02-08,-13.2,-19.7,-6.6,6105978
2018-02-09,-11.8,-17.1,-6.4,6105978
2018-02-10,-6.4,-8.9,-3.8,6105978
2018-02-11,-6.7,-10.7,-2.6,6105978
2018-02-12,-9.8,-15.1,-4.4,6105978
2018-02-13,-13.2,-20.1,-6.3,6105978
2018-02-14,-3.0,-11.0,5.1,6105978
2018-02-15,-1.4,-9.1,6.3,6105978
2018-02-16,-5.1,-13.8,3.7,6105978
2018-02-17,-9.2,-16.3,-2.1,6105978
2018-02-18,-3.4,-10.0,3.2,6105978
2018-02-19,-0.2,-6.1,5.8,6105978
2018-02-20,1.9,1.0,2.8,6105978
2018-02-21,3.2,-2.6,8.9,6105978
2018-02-22,-4.1,-7.2,-1.0,6105978
2018-02-23,-2.9,-6.5,0.8,6105978
2018-02-24,-0.1,-2.8,2.7,6105978
2018-02-25,1.5,-4.1,7.1,6105978
2018-02-26,1.6,-1.5,4.6,6105978
2018-02-27,2.3,-4.3,8.8,6105978
2018-02-28,5.2,0.7,9.7,6105978
2018-03-01,2.7,-0.5,5.9,6105978
2018-03-02,-0.3,-1.3,0.8,6105978
2018-03-03,0.7,-1.3,2.6,6105978
2018-03-04,-1.3,-3.4,0.9,6105978
2018-03-05,-1.5,-4.2,1.3,6105978
2018-03-06,-0.6,-1.4,0.2,6105978
2018-03-07,-1.2,-2.1,-0.3,6105978
2018-03-08,-1.9,-2.7,-1.0,6105978
2018-03-09,-1.8,-4.6,1.0,6105978
2018-03-10,-2.4,-5.8,1.0,6105978
2018-03-11,-1.3,-3.5,1.0,6105978
2018-03-12,-1.8,-5.1,1.5,6105978
2018-03-13,-0.9,-1.6,-0.1,6105978
2018-03-14,-0.5,-2.1,1.2,6105978
2018-03-15,-1.7,-4.9,1.6,6105978
2018-03-16,-6.8,-9.5,-4.1,6105978
2018-03-17,-10.5,-13.5,-7.4,6105978
2018-03-18,-11.3,-18.2,-4.3,6105978
2018-03-19,-8.2,-12.7,-3.6,6105978
2018-03-20,-5.9,-11.4,-0.4,6105978
2018-03-21,-3.1,-9.4,3.2,6105978
2018-03-22,0.6,-4.7,5.9,6105978
2018-03-23,0.6,-3.3,4.5,6105978
2018-03-24,-4.4,-7.3,-1.5,6105978
2018-03-25,,,4.3,6105978
2018-03-26,0.2,-5.3,5.6,6105978
2018-03-27,1.8,-3.1,6.6,6105978
2018-03-28,3.5,1.0,6.0,6105978
2018-03-29,4.3,1.3,7.2,6105978
2018-03-30,2.4,-1.9,6.6,6105978
2018-03-31,3.3,-2.0,8.5,6105978
2018-04-01,1.3,-3.3,5.9,6105978
2018-04-02,-0.1,-5.2,5.1,6105978
2018-04-03,2.6,-1.3,6.5,6105978
2018-04-04,-1.3,-8.8,6.2,6105978
2018-04-05,-6.4,-11.2,-1.6,6105978
2018-04-06,-1.1,-5.7,3.6,6105978
2018-04-07,-0.8,-2.9,1.4,6105978
2018-04-08,-1.9,-4.7,0.9,6105978
2018-04-09,-2.2,-6.7,2.3,6105978
2018-04-10,1.9,-2.4,6.1,6105978
2018-04-11,1.9,-3.2,6.9,6105978
2018-04-12,3.5,-0.7,7.6,6105978
2018-04-13,5.6,1.7,9.5,6105978
2018-04-14,-0.4,-4.5,3.8,6105978
2018-04-15,-2.9,-4.2,-1.5,6105978
2018-04-16,-0.1,-1.7,1.5,6105978
2018-04-17,1.0,0.0,2.0,6105978
2018-04-18,3.4,0.0,6.8,6105978
2018-04-19,,,3.1,6105978
2018-04-20,4.6,-0.8,9.9,6105978
2018-04-21,5.6,-1.1,12.2,6105978
2018-04-22,6.2,-2.5,14.9,6105978
2018-04-23,8.5,-2.0,19.0,6105978
2018-04-24,11.3,2.6,19.9,6105978
2018-04-25,10.8,8.9,12.6,6105978
2018-04-26,9.0,4.9,13.1,6105978
2018-04-27,9.0,2.3,15.6,6105978
2018-04-28,,6.9,,6105978
2018-04-29,,,,6105978
2018-04-30,,,,6105978
2018-05-01,,1.2,,6105978
2018-05-02,19.2,11.3,27.1,6105978
2018-05-03,13.5,9.9,17.1,6105978
2018-05-04,14.5,6.7,22.3,6105978
2018-05-05,14.5,6.2,22.8,6105978
2018-05-06,13.7,7.9,19.4,6105978
2018-05-07,10.3,5.3,15.3,6105978
2018-05-08,13.3,3.6,23.0,6105978
2018-05-09,16.7,6.4,27.0,6105978
2018-05-10,11.8,3.7,19.9,6105978
2018-05-11,6.5,1.2,11.7,6105978
2018-05-12,9.2,0.4,18.0,6105978
2018-05-13,12.4,2.9,21.9,6105978
2018-05-14,16.9,8.5,25.3,6105978
2018-05-15,14.0,8.1,19.9,6105978
2018-05-16,14.2,5.2,23.2,6105978
2018-05-17,13.1,8.5,17.6,6105978
2018-05-18,11.6,5.5,17.7,6105978
2018-05-19,13.1,7.7,18.4,6105978
2018-05-20,13.3,8.5,18.1,6105978
2018-05-21,17.2,9.0,25.3,6105978
2018-05-22,14.8,10.9,18.7,6105978
2018-05-23,16.6,9.2,24.0,6105978
2018-05-24,17.4,8.8,25.9,6105978
2018-05-25,21.6,15.9,27.2,6105978
2018-05-26,19.2,16.7,21.7,6105978
2018-05-27,18.7,14.0,23.4,6105978
2018-05-28,21.0,15.6,26.4,6105978
2018-05-29,20.1,14.5,25.6,6105978
2018-05-30,20.9,12.3,29.5,6105978
2018-05-31,22.8,19.8,25.8,6105978
2018-06-01,21.2,14.8,27.5,6105978
2018-06-02,18.7,12.4,25.0,6105978
2018-06-03,18.0,11.8,24.1,6105978
2018-06-04,14.3,10.7,17.8,6105978
2018-06-05,12.7,10.6,14.8,6105978
2018-06-06,14.7,11.2,18.2,6105978
2018-06-07,16.3,11.0,21.5,6105978
2018-06-08,16.4,10.7,22.0,6105978
2018-06-09,16.8,10.3,23.2,6105978
2018-06-10,15.2,8.7,21.7,6105978
2018-06-11,16.9,10.6,23.2,6105978
2018-06-12,18.1,9.0,27.2,6105978
2018-06-13,,14.2,,6105978
2018-06-14,14.6,12.3,16.9,6105978
2018-06-15,18.0,11.1,24.8,6105978
2018-06-16,20.1,12.7,27.5,6105978
2018-06-17,22.0,13.8,30.2,6105978
2018-06-18,22.9,16.7,29.0,6105978
2018-06-19,18.3,12.8,23.8,6105978
2018-06-20,19.9,12.0,27.8,6105978
2018-06-21,15.5,10.3,20.6,6105978
2018-06-22,16.7,8.1,25.3,6105978
2018-06-23,18.7,15.1,22.2,6105978
2018-06-24,18.1,12.4,23.7,6105978
2018-06-25,15.8,9.6,22.0,6105978
2018-06-26,15.8,6.8,24.7,6105978
2018-06-27,18.6,13.0,24.1,6105978
2018-06-28,21.4,17.9,24.9,6105978
2018-06-29,24.7,18.1,31.2,6105978
2018-06-30,26.8,21.0,32.6,6105978
2018-07-01,28.5,22.5,34.4,6105978
2018-07-02,29.1,22.8,35.3,6105978
2018-07-03,25.9,19.5,32.3,6105978
2018-07-04,25.7,16.9,34.4,6105978
2018-07-05,27.1,19.6,34.6,6105978
2018-07-06,19.5,13.3,25.7,6105978
2018-07-07,20.1,11.0,29.1,6105978
2018-07-08,21.8,13.1,30.5,6105978
2018-07-09,25.0,16.1,33.8,6105978
2018-07-10,22.7,17.2,28.2,6105978
2018-07-11,18.8,11.0,26.5,6105978
2018-07-12,21.8,14.6,29.0,6105978
2018-07-13,21.4,13.0,29.7,6105978
2018-07-14,24.4,19.0,29.8,6105978
2018-07-15,25.6,18.8,32.3,6105978
2018-07-16,26.6,19.0,34.2,6105978
2018-07-17,22.9,17.2,28.6,6105978
2018-07-18,18.1,11.5,24.7,6105978
2018-07-19,19.6,9.8,29.5,6105978
2018-07-20,22.6,14.0,31.3,6105978
2018-07-21,24.4,17.8,30.9,6105978
2018-07-22,20.5,16.6,24.4,6105978
2018-07-23,25.4,19.9,30.9,6105978
2018-07-24,24.7,22.1,27.2,6105978
2018-07-25,22.3,19.4,25.2,6105978
2018-07-26,23.3,17.2,29.5,6105978
2018-07-27,21.6,15.7,27.6,6105978
2018-07-28,21.6,17.3,25.9,6105978
2018-07-29,21.3,15.4,27.2,6105978
2018-07-30,21.4,15.1,27.8,6105978
2018-07-31,22.7,17.4,28.1,6105978
2018-08-01,24.1,21.4,26.7,6105978
2018-08-02,24.3,20.6,28.0,6105978
2018-08-03,24.0,19.1,28.9,6105978
2018-08-04,24.2,18.6,29.7,6105978
2018-08-05,24.8,18.5,31.0,6105978
2018-08-06,26.4,20.8,31.9,6105978
2018-08-07,24.0,20.3,27.7,6105978
2018-08-08,22.4,20.2,24.6,6105978
2018-08-09,22.3,18.0,26.5,6105978
2018-08-10,19.3,13.1,25.6,6105978
2018-08-11,20.1,13.1,27.2,6105978
2018-08-12,21.4,14.6,28.2,6105978
2018-08-13,22.1,16.1,28.1,6105978
2018-08-14,23.3,19.6,27.1,6105978
2018-08-15,21.7,18.2,25.2,6105978
2018-08-16,19.8,14.6,24.9,6105978
2018-08-17,20.8,16.8,24.7,6105978
2018-08-18,20.2,15.5,24.9,6105978
2018-08-19,19.9,12.8,26.9,6105978
2018-08-20,20.3,13.4,27.1,6105978
2018-08-21,19.6,15.3,24.0,6105978
2018-08-22,16.7,12.1,21.4,6105978
2018-08-23,19.0,12.5,25.5,6105978
2018-08-24,21.0,13.9,28.0,6105978
2018-08-25,21.4,15.6,27.1,6105978
2018-08-26,22.8,18.8,26.8,6105978
2018-08-27,20.5,15.8,25.2,6105978
2018-08-28,24.8,18.9,30.6,6105978
2018-08-29,22.7,16.0,29.4,6105978
2018-08-30,16.7,12.7,20.7,6105978
2018-08-31,16.8,10.7,22.9,6105978
2018-09-01,21.6,16.0,27.1,6105978
2018-09-02,23.8,20.5,27.1,6105978
2018-09-03,25.0,19.0,30.9,6105978
2018-09-04,21.1,16.3,26.0,6105978
2018-09-05,25.3,18.0,32.5,6105978
2018-09-06,17.5,11.1,24.0,6105978
2018-09-07,15.5,8.8,22.3,6105978
2018-09-08,12.5,8.3,16.6,6105978
2018-09-09,10.8,4.7,16.9,6105978
2018-09-10,11.8,7.8,15.8,6105978
2018-09-11,15.7,12.8,18.7,6105978
2018-09-12,16.9,10.1,23.6,6105978
2018-09-13,18.6,10.5,26.7,6105978
2018-09-14,20.5,12.7,28.3,6105978
2018-09-15,23.6,17.3,29.9,6105978
2018-09-16,23.3,16.9,29.7,6105978
2018-09-17,22.4,15.4,29.5,6105978
2018-09-18,18.6,14.0,23.2,6105978
2018-09-19,12.5,7.5,17.5,6105978
2018-09-20,12.0,7.0,17.1,6105978
2018-09-21,20.6,12.9,28.3,6105978
2018-09-22,10.7,6.2,15.3,6105978
2018-09-23,10.4,4.5,16.3,6105978
2018-09-24,10.0,6.0,14.0,6105978
2018-09-25,12.4,7.1,17.6,6105978
2018-09-26,16.9,9.9,23.9,6105978
2018-09-27,11.4,5.4,17.4,6105978
2018-09-28,14.1,7.3,20.8,6105978
2018-09-29,11.9,7.9,16.0,6105978
2018-09-30,8.3,5.9,10.8,6105978
2018-10-01,10.2,6.9,13.5,6105978
2018-10-02,9.1,7.1,11.2,6105978
2018-10-03,11.5,9.6,13.3,6105978
2018-10-04,14.8,5.5,24.1,6105978
2018-10-05,6.8,3.2,10.4,6105978
2018-10-06,7.8,6.2,9.5,6105978
2018-10-07,9.5,7.7,11.2,6105978
2018-10-08,8.0,6.5,9.5,6105978
2018-10-09,18.0,8.4,27.6,6105978
2018-10-10,18.5,9.6,27.4,6105978
2018-10-11,10.1,8.4,11.8,6105978
2018-10-12,8.2,5.2,11.3,6105978
2018-10-13,6.1,3.3,8.9,6105978
2018-10-14,7.1,0.1,14.1,6105978
2018-10-15,7.6,3.8,11.5,6105978
2018-10-16,5.9,2.8,9.0,6105978
2018-10-17,4.1,0.1,8.2,6105978
2018-10-18,1.8,-1.4,4.9,6105978
2018-10-19,9.5,2.5,16.5,6105978
2018-10-20,6.3,1.0,11.6,6105978
2018-10-21,1.6,-0.4,3.6,6105978
2018-10-22,1.9,-1.4,5.1,6105978
2018-10-23,5.6,1.0,10.2,6105978
2018-10-24,,,,6105978
2018-10-25,,,,6105978
2018-10-26,0.1,-4.7,4.9,6105978
2018-10-27,2.6,-0.4,5.6,6105978
2018-10-28,1.3,0.3,2.3,6105978
2018-10-29,3.4,1.4,5.3,6105978
2018-10-30,3.1,-0.6,6.9,6105978
2018-10-31,2.2,-0.1,4.4,6105978
2018-11-01,5.4,3.2,7.6,6105978
2018-11-02,,,,6105978
2018-11-03,3.2,1.9,4.5,6105978
2018-11-04,3.8,0.4,7.2,6105978
2018-11-05,3.3,1.9,4.7,6105978
2018-11-06,8.7,4.6,12.7,6105978
2018-11-07,7.8,4.3,11.3,6105978
2018-11-08,4.0,0.1,7.8,6105978
2018-11-09,-0.4,-2.6,1.7,6105978
2018-11-10,0.0,-3.2,3.3,6105978
2018-11-11,-2.7,-5.0,-0.4,6105978
2018-11-12,0.4,-4.4,5.2,6105978
2018-11-13,-3.5,-8.6,1.7,6105978
2018-11-14,-9.8,-12.7,-7.0,6105978
2018-11-15,-8.9,-11.6,-6.1,6105978
2018-11-16,-4.1,-7.0,-1.2,6105978
2018-11-17,-3.6,-8.4,1.1,6105978
2018-11-18,-9.0,-16.0,-2.0,6105978
2018-11-19,-2.1,-4.6,0.5,6105978
2018-11-20,-6.6,-9.0,-4.3,6105978
2018-11-21,-10.0,-16.6,-3.3,6105978
2018-11-22,-13.7,-17.9,-9.5,6105978
2018-11-23,-12.1,-21.0,-3.2,6105978
2018-11-24,-5.2,-11.3,1.0,6105978
2018-11-25,1.6,0.1,3.1,6105978
2018-11-26,1.7,0.8,2.6,6105978
2018-11-27,0.5,-0.4,1.4,6105978
2018-11-28,1.4,0.3,2.5,6105978
2018-11-29,1.0,-0.2,2.1,6105978
2018-11-30,-0.4,-1.1,0.3,6105978
2018-12-01,-1.3,-4.9,2.4,6105978
2018-12-02,0.1,-1.3,1.4,6105978
2018-12-03,-1.2,-4.3,1.8,6105978
2018-12-04,-6.0,-7.8,-4.3,6105978
2018-12-05,-5.1,-6.7,-3.6,6105978
2018-12-06,-3.0,-6.6,0.6,6105978
2018-12-07,-11.7,-17.3,-6.1,6105978
2018-12-08,-13.0,-18.7,-7.2,6105978
2018-12-09,-5.1,-10.0,-0.3,6105978
2018-12-10,-10.1,-13.8,-6.5,6105978
2018-12-11,-8.0,-9.7,-6.3,6105978
2018-12-12,-9.0,-13.5,-4.5,6105978
2018-12-13,-11.1,-15.0,-7.1,6105978
2018-12-14,-2.9,-7.6,1.8,6105978
2018-12-15,-0.6,-4.8,3.6,6105978
2018-12-16,-2.1,-5.5,1.3,6105978
2018-12-17,-3.7,-8.0,0.7,6105978
2018-12-18,-9.6,-12.9,-6.3,6105978
2018-12-19,-7.4,-13.0,-1.8,6105978
2018-12-20,-3.4,-8.5,1.6,6105978
2018-12-21,2.3,0.0,4.6,6105978
2018-12-22,-3.5,-9.1,2.0,6105978
2018-12-23,-9.9,-12.2,-7.6,6105978
2018-12-24,-9.5,-12.5,-6.5,6105978
2018-12-25,-14.0,-16.7,-11.2,6105978
2018-12-26,-10.9,-16.0,-5.8,6105978
2018-12-27,-13.6,-18.2,-8.9,6105978
2018-12-28,-1.2,-9.0,6.5,6105978
2018-12-29,-3.2,-13.2,6.8,6105978
2018-12-30,-10.1,-13.3,-6.8,6105978
2018-12-31,-3.7,-7.0,-0.5,6105978
2019-01-01,-8.0,-16.6,0.5,6105978
2019-01-02,-15.3,-18.6,-12.0,6105978
2019-01-03,-6.6,-12.3,-0.8,6105978
2019-01-04,0.5,-1.4,2.3,6105978
2019-01-05,0.1,-3.1,3.3,6105978
2019-01-06,-6.4,-13.6,0.7,6105978
2019-01-07,-13.3,-15.8,-10.9,6105978
2019-01-08,-5.6,-11.4,0.3,6105978
2019-01-09,-0.6,-3.0,1.7,6105978
2019-01-10,-9.6,-16.6,-2.5,6105978
2019-01-11,-17.9,-21.1,-14.8,6105978
2019-01-12,-16.0,-18.9,-13.2,6105978
2019-01-13,-14.8,-18.4,-11.3,6105978
2019-01-14,-13.2,-20.1,-6.4,6105978
2019-01-15,-4.1,-7.8,-0.5,6105978
2019-01-16,-9.0,-18.4,0.5,6105978
2019-01-17,-18.3,-23.8,-12.9,6105978
2019-01-18,-14.0,-19.4,-8.6,6105978
2019-01-19,-21.9,-24.4,-19.4,6105978
2019-01-20,-19.8,-22.4,-17.3,6105978
2019-01-21,-20.3,-24.0,-16.5,6105978
2019-01-22,-20.0,-26.6,-13.4,6105978
2019-01-23,-8.8,-14.3,-3.3,6105978
2019-01-24,-4.6,-10.6,1.5,6105978
2019-01-25,-8.1,-13.3,-2.9,6105978
2019-01-26,-15.2,-19.7,-10.7,6105978
2019-01-27,-10.8,-19.0,-2.6,6105978
2019-01-28,-21.4,-24.5,-18.2,6105978
2019-01-29,-14.2,-18.5,-9.8,6105978
2019-01-30,-13.9,-19.1,-8.6,6105978
2019-01-31,-17.5,-20.0,-15.0,6105978
2019-02-01,-16.0,-21.0,-11.0,6105978
2019-02-02,-13.4,-19.8,-6.9,6105978
2019-02-03,-9.9,-12.1,-7.8,6105978
2019-02-04,-5.5,-10.4,-0.5,6105978
2019-02-05,-3.5,-13.1,6.1,6105978
2019-02-06,-10.2,-13.5,-6.9,6105978
2019-02-07,-4.4,-7.4,-1.5,6105978
2019-02-08,-1.4,-10.1,7.3,6105978
2019-02-09,-12.1,-16.3,-8.0,6105978
2019-02-10,-11.7,-16.8,-6.7,6105978
2019-02-11,-11.6,-16.3,-6.9,6105978
2019-02-12,-12.5,-17.5,-7.4,6105978
2019-02-13,-3.6,-7.6,0.4,6105978
2019-02-14,-6.6,-9.8,-3.3,6105978
2019-02-15,-1.3,-6.6,4.1,6105978
2019-02-16,-8.2,-13.8,-2.6,6105978
2019-02-17,-13.2,-19.4,-7.0,6105978
2019-02-18,-11.4,-15.2,-7.5,6105978
2019-02-19,,,,6105978
2019-02-20,-14.5,-21.9,-7.2,6105978
2019-02-21,-2.2,-7.6,3.1,6105978
2019-02-22,-7.3,-13.9,-0.6,6105978
2019-02-23,-6.7,-14.5,1.2,6105978
2019-02-24,0.6,-3.4,4.7,6105978
2019-02-25,-6.2,-13.2,0.7,6105978
2019-02-26,-14.8,-17.8,-11.8,6105978
2019-02-27,-18.6,-24.1,-13.1,6105978
2019-02-28,-14.2,-21.5,-6.8,6105978
2019-03-01,-10.8,-20.1,-2.4,6105978
2019-03-02,-7.6,-13.2,-2.1,6105978
2019-03-03,-5.9,-10.3,-1.4,6105978
2019-03-04,-9.6,-14.3,-4.9,6105978
2019-03-05,-13.6,-19.5,-7.7,6105978
2019-03-06,-13.8,-17.5,-10.0,6105978
2019-03-07,-14.2,-21.2,-7.2,6105978
2019-03-08,-8.9,-16.9,-1.0,6105978
2019-03-09,-6.1,-13.5,1.2,6105978
2019-03-10,-2.2,-7.4,3.0,6105978
2019-03-11,0.3,-2.3,3.0,6105978
2019-03-12,-3.5,-7.2,0.2,6105978
2019-03-13,-3.4,-7.7,0.9,6105978
2019-03-14,1.7,-0.8,4.1,6105978
2019-03-15,4.8,1.7,7.8,6105978
2019-03-16,-2.0,-6.5,2.5,6105978
2019-03-17,-5.8,-9.5,-2.1,6105978
2019-03-18,-7.5,-13.4,-1.6,6105978
2019-03-19,-6.5,-15.5,2.4,6105978
2019-03-20,-1.2,-8.6,6.2,6105978
2019-03-21,3.0,-0.1,6.0,6105978
2019-03-22,-0.7,-4.7,3.4,6105978
2019-03-23,-4.0,-9.1,1.2,6105978
2019-03-24,-1.5,-6.8,3.7,6105978
2019-03-25,-4.3,-9.4,0.8,6105978
2019-03-26,-3.5,-7.8,0.7,6105978
2019-03-27,-2.9,-10.9,5.2,6105978
2019-03-28,1.3,-4.9,7.5,6105978
2019-03-29,2.0,-2.0,6.0,6105978
2019-03-30,-0.1,-1.6,1.3,6105978
2019-03-31,-1.5,-4.0,1.0,6105978
2019-04-01,-2.5,-7.6,2.6,6105978
2019-04-02,1.7,-3.7,7.2,6105978
2019-04-03,2.7,-1.4,6.8,6105978
2019-04-04,-1.6,-4.9,1.7,6105978
2019-04-05,-2.7,-8.2,2.8,6105978
2019-04-06,4.9,-0.2,10.0,6105978
2019-04-07,4.7,0.2,9.1,6105978
2019-04-08,0.4,-0.6,2.5,6105978
2019-04-09,-1.3,-2.7,0.0,6105978
2019-04-10,-0.1,-4.1,3.9,6105978
2019-04-11,0.9,-3.8,5.5,6105978
2019-04-12,5.7,1.6,9.7,6105978
2019-04-13,8.2,0.8,15.6,6105978
2019-04-14,3.5,-0.1,7.2,6105978
2019-04-15,2.8,1.4,4.2,6105978
2019-04-16,5.4,0.7,10.2,6105978
2019-04-17,6.5,-1.3,14.2,6105978
2019-04-18,10.5,3.8,17.2,6105978
2019-04-19,9.2,4.6,13.8,6105978
2019-04-20,6.3,4.5,8.2,6105978
2019-04-21,8.8,5.2,12.5,6105978
2019-04-22,11.0,2.7,19.3,6105978
2019-04-23,12.5,8.0,16.9,6105978
2019-04-24,6.4,4.4,8.5,6105978
2019-04-25,9.3,4.1,14.4,6105978
2019-04-26,9.3,6.4,12.1,6105978
2019-04-27,4.3,1.1,7.5,6105978
2019-04-28,5.0,0.2,9.7,6105978
2019-04-29,4.2,-1.4,9.9,6105978
2019-04-30,9.3,4.9,13.7,6105978
2019-05-01,4.6,1.7,7.5,6105978
2019-05-02,6.1,2.4,9.7,6105978
2019-05-03,8.1,5.8,10.3,6105978
2019-05-04,11.4,6.1,16.7,6105978
2019-05-05,12.0,3.7,20.3,6105978
2019-05-06,14.3,5.6,23.0,6105978
2019-05-07,10.1,4.8,15.3,6105978
2019-05-08,7.7,1.7,13.7,6105978
2019-05-09,9.3,4.8,13.7,6105978
2019-05-10,12.4,5.9,18.9,6105978
2019-05-11,9.3,4.9,13.7,6105978
2019-05-12,11.1,6.1,16.2,6105978
2019-05-13,10.8,6.8,14.8,6105978
2019-05-14,8.0,5.1,10.9,6105978
2019-05-15,8.1,3.2,13.0,6105978
2019-05-16,8.0,3.6,12.4,6105978
2019-05-17,10.6,7.3,13.8,6105978
2019-05-18,10.7,6.4,14.9,6105978
2019-05-19,13.9,9.7,18.2,6105978
2019-05-20,14.9,8.4,21.4,6105978
2019-05-21,12.6,7.6,17.5,6105978
2019-05-22,12.1,4.8,19.4,6105978
2019-05-23,15.3,10.3,20.3,6105978
2019-05-24,15.7,11.5,19.8,6105978
2019-05-25,13.3,8.4,18.3,6105978
2019-05-26,16.6,10.5,22.8,6105978
2019-05-27,12.6,8.0,17.2,6105978
2019-05-28,11.0,8.6,13.4,6105978
2019-05-29,14.4,9.3,19.4,6105978
2019-05-30,15.0,8.3,21.8,6105978
2019-05-31,10.3,5.7,14.8,6105978
2019-06-01,14.2,9.9,18.5,6105978
2019-06-02,15.1,9.4,20.8,6105978
2019-06-03,10.8,6.0,15.5,6105978
2019-06-04,11.0,4.2,17.8,6105978
2019-06-05,13.6,10.0,17.1,6105978
2019-06-06,15.5,8.4,22.6,6105978
2019-06-07,16.6,7.7,25.5,6105978
2019-06-08,17.1,8.4,25.7,6105978
2019-06-09,19.8,10.1,29.6,6105978
2019-06-10,,,,6105978
2019-06-11,15.2,10.2,20.1,6105978
2019-06-12,16.0,8.3,23.7,6105978
2019-06-13,15.8,12.1,19.4,6105978
2019-06-14,15.6,12.3,18.9,6105978
2019-06-15,14.5,11.7,17.3,6105978
2019-06-16,14.0,8.3,19.8,6105978
2019-06-17,16.0,8.9,23.0,6105978
2019-06-18,18.9,11.8,26.1,6105978
2019-06-19,20.9,15.2,26.6,6105978
2019-06-20,18.1,16.0,20.2,6105978
2019-06-21,19.4,15.2,23.5,6105978
2019-06-22,20.1,14.9,25.2,6105978
2019-06-23,20.4,13.7,27.2,6105978
2019-06-24,20.1,12.7,27.4,6105978
2019-06-25,21.1,14.2,28.0,6105978
2019-06-26,21.4,15.2,27.6,6105978
2019-06-27,22.3,15.8,28.8,6105978
2019-06-28,22.1,16.5,27.7,6105978
2019-06-29,21.9,16.5,27.2,6105978
2019-06-30,19.3,15.6,22.9,6105978
2019-07-01,19.8,12.5,27.1,6105978
2019-07-02,23.6,18.4,28.7,6105978
2019-07-03,23.2,16.2,30.2,6105978
2019-07-04,24.5,17.1,32.0,6105978
2019-07-05,25.6,19.7,31.5,6105978
2019-07-06,22.4,16.6,28.2,6105978
2019-07-07,18.9,13.1,24.7,6105978
2019-07-08,18.9,11.2,26.6,6105978
2019-07-09,22.8,16.5,29.1,6105978
2019-07-10,23.6,16.8,30.4,6105978
2019-07-11,24.3,18.9,29.7,6105978
2019-07-12,20.4,16.9,23.9,6105978
2019-07-13,21.9,16.4,27.3,6105978
2019-07-14,19.2,14.7,23.8,6105978
2019-07-15,20.4,13.7,27.1,6105978
2019-07-16,23.5,16.1,30.9,6105978
2019-07-17,23.3,18.6,27.9,6105978
2019-07-18,22.2,16.8,27.7,6105978
2019-07-19,25.8,19.2,32.5,6105978
2019-07-20,27.2,21.1,33.3,6105978
2019-07-21,23.8,18.6,29.1,6105978
2019-07-22,19.3,14.9,23.8,6105978
2019-07-23,18.3,11.6,24.9,6105978
2019-07-24,18.7,12.8,24.6,6105978
2019-07-25,22.1,15.0,29.2,6105978
2019-07-26,23.1,15.1,31.1,6105978
2019-07-27,23.7,16.2,31.2,6105978
2019-07-28,24.6,19.3,30.0,6105978
2019-07-29,24.5,17.5,31.6,6105978
2019-07-30,23.0,19.0,26.9,6105978
2019-07-31,21.7,15.8,27.5,6105978
2019-08-01,19.4,11.7,27.2,6105978
2019-08-02,20.2,11.3,29.2,6105978
2019-08-03,21.0,15.0,26.9,6105978
2019-08-04,18.2,11.9,24.6,6105978
2019-08-05,19.2,9.4,28.9,6105978
2019-08-06,22.2,15.2,29.1,6105978
2019-08-07,22.0,18.7,25.2,6105978
2019-08-08,22.5,17.1,27.9,6105978
2019-08-09,20.0,15.2,24.8,6105978
2019-08-10,17.2,12.6,21.8,6105978
2019-08-11,20.2,12.5,28.0,6105978
2019-08-12,22.3,16.5,28.0,6105978
2019-08-13,19.9,14.0,25.7,6105978
2019-08-14,17.6,11.1,24.1,6105978
2019-08-15,16.3,8.5,24.1,6105978
2019-08-16,20.6,14.9,26.3,6105978
2019-08-17,20.7,17.3,24.0,6105978
2019-08-18,21.3,16.2,26.5,6105978
2019-08-19,22.2,14.7,29.7,6105978
2019-08-20,20.4,12.2,28.5,6105978
2019-08-21,23.1,18.1,28.1,6105978
2019-08-22,19.7,14.8,24.6,6105978
2019-08-23,17.5,13.1,21.8,6105978
2019-08-24,17.8,11.2,24.4,6105978
2019-08-25,17.2,9.0,25.4,6105978
2019-08-26,19.1,11.5,26.6,6105978
2019-08-27,18.5,11.5,25.6,6105978
2019-08-28,20.0,16.7,23.4,6105978
2019-08-29,18.8,13.7,24.0,6105978
2019-08-30,18.6,14.6,22.7,6105978
2019-08-31,15.1,9.3,20.8,6105978
2019-09-01,15.9,8.1,23.7,6105978
2019-09-02,18.9,13.4,24.4,6105978
2019-09-03,15.0,9.8,20.1,6105978
2019-09-04,15.6,8.8,22.4,6105978
2019-09-05,14.4,6.7,22.1,6105978
2019-09-06,16.7,12.4,21.1,6105978
2019-09-07,15.3,12.1,18.5,6105978
2019-09-08,11.9,7.4,16.3,6105978
2019-09-09,11.1,4.7,17.4,6105978
2019-09-10,10.1,3.9,16.3,6105978
2019-09-11,19.1,12.6,25.6,6105978
2019-09-12,14.3,8.8,19.8,6105978
2019-09-13,13.6,6.7,20.4,6105978
2019-09-14,18.4,13.8,23.0,6105978
2019-09-15,12.3,7.9,16.7,6105978
2019-09-16,13.3,5.3,21.2,6105978
2019-09-17,13.9,5.8,22.0,6105978
2019-09-18,14.6,8.8,20.4,6105978
2019-09-19,15.7,7.3,24.1,6105978
2019-09-20,18.0,10.2,25.8,6105978
2019-09-21,19.1,11.2,27.0,6105978
2019-09-22,20.7,13.8,27.6,6105978
2019-09-23,19.8,14.3,25.3,6105978
2019-09-24,12.9,8.5,17.4,6105978
2019-09-25,14.6,5.9,23.2,6105978
2019-09-26,15.6,11.0,20.2,6105978
2019-09-27,13.6,6.7,20.4,6105978
2019-09-28,13.6,8.7,18.4,6105978
2019-09-29,9.6,4.6,14.6,6105978
2019-09-30,11.0,6.5,15.5,6105978
2019-10-01,12.8,8.3,17.4,6105978
2019-10-02,10.9,5.0,16.7,6105978
2019-10-03,7.0,4.2,9.8,6105978
2019-10-04,6.0,1.8,10.3,6105978
2019-10-05,5.9,-1.5,13.3,6105978
2019-10-06,11.7,5.5,17.9,6105978
2019-10-07,13.4,9.0,17.8,6105978
2019-10-08,9.6,2.4,16.9,6105978
2019-10-09,8.2,0.2,16.2,6105978
2019-10-10,9.6,0.4,18.7,6105978
2019-10-11,10.9,1.8,20.0,6105978
2019-10-12,9.6,5.0,14.3,6105978
2019-10-13,8.2,0.5,16.0,6105978
2019-10-14,8.5,5.0,12.0,6105978
2019-10-15,8.7,3.2,14.2,6105978
2019-10-16,10.3,6.8,13.7,6105978
2019-10-17,8.9,7.3,10.4,6105978
2019-10-18,5.6,2.1,9.1,6105978
2019-10-19,4.6,-1.4,10.5,6105978
2019-10-20,8.0,0.8,15.3,6105978
2019-10-21,8.5,0.7,16.3,6105978
2019-10-22,11.0,8.9,13.0,6105978
2019-10-23,10.8,7.1,14.5,6105978
2019-10-24,8.7,5.3,12.1,6105978
2019-10-25,7.0,3.5,10.5,6105978
2019-10-26,6.4,1.0,11.9,6105978
2019-10-27,8.3,4.6,12.0,6105978
2019-10-28,9.9,4.9,14.9,6105978
2019-10-29,11.8,5.5,18.1,6105978
2019-10-30,10.2,7.4,13.0,6105978
2019-10-31,8.2,6.9,9.5,6105978
2019-11-01,3.4,-2.5,9.3,6105978
2019-11-02,0.9,-2.2,4.1,6105978
2019-11-03,3.7,-0.1,7.4,6105978
2019-11-04,3.6,-2.4,9.5,6105978
2019-11-05,6.1,2.2,10.1,6105978
2019-11-06,2.6,-0.2,5.3,6105978
2019-11-07,-1.1,-4.3,2.0,6105978
2019-11-08,-4.0,-7.8,-0.3,6105978
2019-11-09,-3.5,-8.4,1.5,6105978
2019-11-10,0.5,-4.4,5.5,6105978
2019-11-11,-5.8,-7.3,-4.4,6105978
2019-11-12,-10.1,-12.9,-7.2,6105978
2019-11-13,-11.3,-14.3,-8.2,6105978
2019-11-14,,,,6105978
2019-11-15,,,,6105978
2019-11-16,-10.0,-14.7,-5.3,6105978
2019-11-17,-9.1,-14.8,-3.4,6105978
2019-11-18,-3.1,-6.9,0.6,6105978
2019-11-19,-2.2,-7.1,2.6,6105978
2019-11-20,-0.7,-4.8,3.5,6105978
2019-11-21,-0.3,-3.8,3.3,6105978
2019-11-22,1.3,-4.7,7.3,6105978
2019-11-23,-1.0,-6.7,4.8,6105978
2019-11-24,1.3,-3.7,6.3,6105978
2019-11-25,4.4,0.9,7.8,6105978
2019-11-26,4.3,-2.2,10.8,6105978
2019-11-27,0.4,-2.4,3.3,6105978
2019-11-28,-0.5,-2.9,1.9,6105978
2019-11-29,-5.5,-8.1,-2.8,6105978
2019-11-30,-7.2,-10.4,-4.1,6105978
2019-12-01,-7.5,-11.4,-3.7,6105978
2019-12-02,-2.1,-6.2,2.0,6105978
2019-12-03,-4.1,-8.9,0.7,6105978
2019-12-04,-2.1,-5.1,0.8,6105978
2019-12-05,-2.2,-4.1,-0.2,6105978
2019-12-06,-5.5,-7.4,-3.6,6105978
2019-12-07,-8.9,-13.0,-4.7,6105978
2019-12-08,-5.2,-14.0,3.6,6105978
2019-12-09,4.8,2.2,7.4,6105978
2019-12-10,-1.0,-11.0,8.9,6105978
2019-12-11,-6.7,-11.9,-1.5,6105978
2019-12-12,-7.0,-11.4,-2.6,6105978
2019-12-13,-0.5,-4.6,3.6,6105978
2019-12-14,2.1,0.0,4.1,6105978
2019-12-15,-5.8,-11.7,0.1,6105978
2019-12-16,-8.6,-13.6,-3.7,6105978
2019-12-17,-4.3,-6.1,-2.4,6105978
2019-12-18,-12.5,-21.2,-3.8,6105978
2019-12-19,-19.0,-21.7,-16.2,6105978
2019-12-20,-14.3,-17.8,-10.7,6105978
2019-12-21,-11.1,-14.3,-7.9,6105978
2019-12-22,-3.4,-10.7,3.9,6105978
2019-12-23,1.5,-2.1,5.2,6105978
2019-12-24,-2.9,-5.4,-0.4,6105978
2019-12-25,-3.8,-5.1,-2.5,6105978
2019-12-26,-5.4,-6.8,-4.0,6105978
2019-12-27,-0.5,-4.3,3.4,6105978
2019-12-28,0.5,-2.2,3.2,6105978
2019-12-29,-3.3,-6.8,0.3,6105978
2019-12-30,-2.6,-4.0,-1.3,6105978
2019-12-31,-0.7,-2.0,0.5,6105978
2020-01-01,-0.2,-1.9,1.4,6105978
2020-01-02,0.3,-4.6,5.2,6105978
2020-01-03,3.6,1.6,5.7,6105978
2020-01-04,-0.5,-2.8,1.8,6105978
2020-01-05,-7.9,-13.0,-2.8,6105978
2020-01-06,-8.4,-11.1,-5.8,6105978
2020-01-07,-3.5,-6.8,-0.3,6105978
2020-01-08,-8.2,-14.9,-1.6,6105978
2020-01-09,-14.2,-18.1,-10.3,6105978
2020-01-10,-3.2,-10.3,3.9,6105978
2020-01-11,3.0,-2.1,8.1,6105978
2020-01-12,-6.4,-11.0,-1.9,6105978
2020-01-13,-8.8,-11.1,-6.4,6105978
2020-01-14,-7.4,-9.3,-5.4,6105978
2020-01-15,-2.9,-6.0,0.2,6105978
2020-01-16,-9.1,-16.8,-1.4,6105978
2020-01-17,-17.9,-20.4,-15.5,6105978
2020-01-18,-15.1,-16.8,-13.4,6105978
2020-01-19,-11.6,-14.2,-9.0,6105978
2020-01-20,-14.6,-19.1,-10.1,6105978
2020-01-21,-11.1,-18.3,-3.9,6105978
2020-01-22,-3.2,-7.7,1.4,6105978
2020-01-23,-2.1,-6.4,2.3,6105978
2020-01-24,-1.8,-5.1,1.5,6105978
2020-01-25,-0.6,-1.7,0.4,6105978
2020-01-26,1.0,0.1,1.8,6105978
2020-01-27,0.2,-1.3,1.7,6105978
2020-01-28,-4.6,-8.0,-1.2,6105978
2020-01-29,-11.4,-15.4,-7.4,6105978
2020-01-30,-10.4,-16.1,-4.7,6105978
2020-01-31,-10.8,-16.0,-5.6,6105978
2020-02-01,-6.8,-12.4,-1.2,6105978
2020-02-02,-4.3,-7.1,-1.5,6105978
2020-02-03,-1.5,-6.8,3.8,6105978
2020-02-04,-1.8,-5.9,2.4,6105978
2020-02-05,-7.3,-11.5,-3.1,6105978
2020-02-06,-7.3,-9.7,-4.8,6105978
2020-02-07,-10.0,-14.7,-5.2,6105978
2020-02-08,-19.9,-25.1,-14.7,6105978
2020-02-09,-17.7,-26.3,-9.1,6105978
2020-02-10,-6.5,-13.4,0.5,6105978
2020-02-11,-4.5,-9.2,0.1,6105978
2020-02-12,-2.0,-5.5,1.6,6105978
2020-02-13,-10.1,-20.0,-0.3,6105978
2020-02-14,-20.5,-25.3,-15.7,6105978
2020-02-15,-9.9,-16.6,-3.3,6105978
2020-02-16,-0.9,-5.3,3.5,6105978
2020-02-17,-9.9,-15.0,-4.8,6105978
2020-02-18,-4.4,-13.3,4.6,6105978
2020-02-19,-6.1,-12.8,0.6,6105978
2020-02-20,-15.6,-19.5,-11.6,6105978
2020-02-21,-10.7,-21.1,-0.3,6105978
2020-02-22,-0.1,-4.0,3.8,6105978
2020-02-23,-1.4,-8.3,5.6,6105978
2020-02-24,2.8,-4.1,9.6,6105978
2020-02-25,3.0,0.5,5.5,6105978
2020-02-26,-0.4,-1.5,0.6,6105978
2020-02-27,-4.2,-9.5,1.1,6105978
2020-02-28,-10.7,-13.4,-8.0,6105978
2020-02-29,-12.4,-16.0,-8.8,6105978
2020-03-01,-9.8,-16.0,-3.5,6105978
2020-03-02,-1.6,-7.1,4.0,6105978
2020-03-03,-1.4,-8.3,5.4,6105978
2020-03-04,2.1,-0.4,4.7,6105978
2020-03-05,0.0,-2.9,2.8,6105978
2020-03-06,-2.6,-5.4,0.1,6105978
2020-03-07,-5.5,-10.9,0.0,6105978
2020-03-08,2.0,-2.8,6.8,6105978
2020-03-09,7.3,2.5,12.1,6105978
2020-03-10,1.4,-4.2,7.1,6105978
2020-03-11,-3.4,-7.2,0.5,6105978
2020-03-12,-0.4,-3.4,2.5,6105978
2020-03-13,4.1,0.1,8.1,6105978
2020-03-14,0.7,-3.3,4.7,6105978
2020-03-15,-5.4,-8.8,-2.0,6105978
2020-03-16,-5.2,-9.7,-0.7,6105978
2020-03-17,1.2,-3.6,6.0,6105978
2020-03-18,0.3,-4.0,4.6,6105978
2020-03-19,1.9,-0.1,3.8,6105978
2020-03-20,4.2,-5.8,14.2,6105978
2020-03-21,-7.3,-10.9,-3.7,6105978
2020-03-22,-4.8,-8.9,-0.6,6105978
2020-03-23,-2.6,-5.5,0.4,6105978
2020-03-24,0.5,-3.3,4.3,6105978
2020-03-25,0.7,-3.4,4.9,6105978
2020-03-26,5.4,1.2,9.6,6105978
2020-03-27,2.8,-1.9,7.5,6105978
2020-03-28,1.7,-3.3,6.8,6105978
2020-03-29,3.8,2.8,4.8,6105978
2020-03-30,4.8,1.8,7.9,6105978
2020-03-31,4.1,-0.5,8.7,6105978
2020-04-01,3.4,-1.0,7.7,6105978
2020-04-02,5.5,0.9,10.1,6105978
2020-04-03,7.1,3.9,10.3,6105978
2020-04-04,8.4,2.5,14.3,6105978
2020-04-05,5.7,0.8,10.6,6105978
2020-04-06,6.0,-1.9,13.9,6105978
2020-04-07,6.7,0.8,12.5,6105978
2020-04-08,5.0,1.8,8.2,6105978
2020-04-09,4.0,0.9,7.2,6105978
2020-04-10,2.8,0.4,5.2,6105978
2020-04-11,3.4,-1.3,8.0,6105978
2020-04-12,5.5,-1.0,12.0,6105978
2020-04-13,9.4,3.1,15.6,6105978
2020-04-14,3.4,-0.5,7.3,6105978
2020-04-15,0.6,-2.4,3.6,6105978
2020-04-16,1.2,-2.8,5.2,6105978
2020-04-17,2.4,-1.2,6.1,6105978
2020-04-18,3.5,-3.7,10.8,6105978
2020-04-19,3.7,-0.9,8.3,6105978
2020-04-20,1.2,-3.9,6.3,6105978
2020-04-21,1.0,-4.3,6.3,6105978
2020-04-22,-1.6,-6.1,2.8,6105978
2020-04-23,1.2,-4.9,7.3,6105978
2020-04-24,4.2,-1.6,9.9,6105978
2020-04-25,6.7,-1.7,15.1,6105978
2020-04-26,9.6,5.8,13.4,6105978
2020-04-27,7.8,2.4,13.1,6105978
2020-04-28,7.0,-1.3,15.3,6105978
2020-04-29,10.1,3.2,17.0,6105978
2020-04-30,11.4,9.5,13.2,6105978
2020-05-01,,,,6105978
2020-05-02,11.6,3.4,19.9,6105978
2020-05-03,15.1,8.3,21.8,6105978
2020-05-04,5.9,1.0,10.9,6105978
2020-05-05,5.4,-0.8,11.5,6105978
2020-05-06,8.6,2.3,14.9,6105978
2020-05-07,7.7,1.9,13.5,6105978
2020-05-08,2.7,-0.3,5.6,6105978
2020-05-09,1.5,-2.7,5.6,6105978
2020-05-10,7.0,1.6,12.5,6105978
2020-05-11,6.0,1.7,10.3,6105978
2020-05-12,3.9,-0.8,8.5,6105978
2020-05-13,7.4,0.4,14.4,6105978
2020-05-14,9.7,1.9,17.5,6105978
2020-05-15,11.1,9.7,12.5,6105978
2020-05-16,13.8,10.6,16.9,6105978
2020-05-17,14.3,8.6,20.1,6105978
2020-05-18,15.7,10.6,20.9,6105978
2020-05-19,14.4,8.7,20.0,6105978
2020-05-20,15.7,7.8,23.6,6105978
2020-05-21,16.7,9.0,24.4,6105978
2020-05-22,19.4,10.4,28.4,6105978
2020-05-23,18.8,13.0,24.6,6105978
2020-05-24,19.0,10.5,27.4,6105978
2020-05-25,19.7,16.4,22.9,6105978
2020-05-26,23.2,14.6,31.8,6105978
2020-05-27,25.8,17.9,33.7,6105978
2020-05-28,23.5,19.4,27.6,6105978
2020-05-29,20.8,13.8,27.8,6105978
2020-05-30,12.7,5.6,19.7,6105978
2020-05-31,8.5,4.3,12.7,6105978
2020-06-01,10.6,3.4,17.8,6105978
2020-06-02,12.2,8.6,15.9,6105978
2020-06-03,15.9,12.5,19.2,6105978
2020-06-04,17.9,11.0,24.8,6105978
2020-06-05,20.9,12.9,29.0,6105978
2020-06-06,18.5,13.2,23.9,6105978
2020-06-07,16.1,10.9,21.3,6105978
2020-06-08,16.7,11.2,22.2,6105978
2020-06-09,17.6,12.9,22.3,6105978
2020-06-10,22.0,14.8,29.2,6105978
2020-06-11,18.8,14.5,23.2,6105978
2020-06-12,11.5,5.9,17.1,6105978
2020-06-13,11.0,5.8,16.2,6105978
2020-06-14,13.8,6.5,21.0,6105978
2020-06-15,15.4,6.8,24.0,6105978
2020-06-16,18.1,8.8,27.5,6105978
2020-06-17,20.8,11.5,30.1,6105978
2020-06-18,22.7,13.2,32.2,6105978
2020-06-19,24.0,16.6,31.4,6105978
2020-06-20,25.3,18.4,32.2,6105978
2020-06-21,25.0,17.3,32.6,6105978
2020-06-22,26.3,19.3,33.4,6105978
2020-06-23,25.0,19.6,30.5,6105978
2020-06-24,18.7,15.7,21.7,6105978
2020-06-25,20.1,15.8,24.3,6105978
2020-06-26,19.6,12.8,26.4,6105978
2020-06-27,21.8,16.9,26.6,6105978
2020-06-28,22.5,17.5,27.5,6105978
2020-06-29,21.7,16.1,27.3,6105978
2020-06-30,23.0,18.8,27.2,6105978
2020-07-01,24.9,17.8,32.1,6105978
2020-07-02,26.1,21.1,31.1,6105978
2020-07-03,26.1,20.6,31.5,6105978
2020-07-04,23.5,16.6,30.4,6105978
2020-07-05,22.8,15.5,30.0,6105978
2020-07-06,22.3,13.6,30.9,6105978
2020-07-07,25.9,17.4,34.5,6105978
2020-07-08,27.2,21.2,33.3,6105978
2020-07-09,28.0,20.4,35.5,6105978
2020-07-10,28.6,20.9,36.4,6105978
2020-07-11,24.7,21.1,28.2,6105978
2020-07-12,23.0,18.7,27.3,6105978
2020-07-13,22.0,17.4,26.7,6105978
2020-07-14,22.8,17.5,28.2,6105978
2020-07-15,21.9,15.9,27.9,6105978
2020-07-16,22.7,18.1,27.2,6105978
2020-07-17,25.9,20.5,31.3,6105978
2020-07-18,25.3,18.0,32.5,6105978
2020-07-19,26.5,21.5,31.5,6105978
2020-07-20,24.5,20.2,28.9,6105978
2020-07-21,21.3,16.8,25.7,6105978
2020-07-22,21.2,16.8,25.5,6105978
2020-07-23,21.9,17.4,26.3,6105978
2020-07-24,21.9,14.0,29.7,6105978
2020-07-25,23.4,15.1,31.7,6105978
2020-07-26,28.2,21.9,34.5,6105978
2020-07-27,27.7,23.9,31.5,6105978
2020-07-28,25.1,20.1,30.0,6105978
2020-07-29,23.2,17.7,28.7,6105978
2020-07-30,21.0,15.6,26.3,6105978
2020-07-31,22.3,15.8,28.8,6105978
2020-08-01,22.9,15.8,30.0,6105978
2020-08-02,21.3,19.2,23.5,6105978
2020-08-03,20.8,16.9,24.7,6105978
2020-08-04,19.1,17.3,21.0,6105978
2020-08-05,19.6,16.3,22.9,6105978
2020-08-06,19.5,14.0,25.1,6105978
2020-08-07,19.8,12.5,27.1,6105978
2020-08-08,21.2,13.6,28.8,6105978
2020-08-09,20.4,17.6,23.2,6105978
2020-08-10,23.5,17.5,29.5,6105978
2020-08-11,25.0,18.6,31.4,6105978
2020-08-12,23.7,17.7,29.7,6105978
2020-08-13,22.6,15.9,29.3,6105978
2020-08-14,21.8,16.4,27.3,6105978
2020-08-15,21.7,15.4,28.0,6105978
2020-08-16,22.4,17.1,27.7,6105978
2020-08-17,20.4,15.7,25.2,6105978
2020-08-18,18.1,13.7,22.4,6105978
2020-08-19,15.9,11.1,20.8,6105978
2020-08-20,14.5,9.5,19.5,6105978
2020-08-21,19.4,15.4,23.3,6105978
2020-08-22,21.1,15.5,26.7,6105978
2020-08-23,23.3,18.4,28.2,6105978
2020-08-24,23.4,18.3,28.4,6105978
2020-08-25,17.8,12.2,23.4,6105978
2020-08-26,13.9,9.4,18.5,6105978
2020-08-27,13.2,9.9,16.5,6105978
2020-08-28,17.2,12.1,22.4,6105978
2020-08-29,15.4,14.2,16.7,6105978
2020-08-30,16.2,12.2,20.2,6105978
2020-08-31,14.8,8.0,21.6,6105978
2020-09-01,18.8,13.1,24.5,6105978
2020-09-02,21.6,16.4,26.9,6105978
2020-09-03,19.3,14.4,24.1,6105978
2020-09-04,16.7,12.4,21.1,6105978
2020-09-05,15.1,9.4,20.9,6105978
2020-09-06,14.4,8.8,20.1,6105978
2020-09-07,18.0,11.3,24.8,6105978
2020-09-08,14.3,10.0,18.6,6105978
2020-09-09,14.0,12.1,15.8,6105978
2020-09-10,12.9,10.3,15.4,6105978
2020-09-11,11.9,6.3,17.4,6105978
2020-09-12,13.0,5.1,20.9,6105978
2020-09-13,18.1,14.6,21.7,6105978
2020-09-14,9.7,4.7,14.7,6105978
2020-09-15,8.5,3.0,14.1,6105978
2020-09-16,15.4,8.6,22.2,6105978
2020-09-17,9.6,4.5,14.6,6105978
2020-09-18,8.2,3.0,13.4,6105978
2020-09-19,7.4,1.4,13.5,6105978
2020-09-20,8.8,2.4,15.2,6105978
2020-09-21,9.4,1.0,17.8,6105978
2020-09-22,10.8,2.4,19.1,6105978
2020-09-23,17.6,12.0,23.1,6105978
2020-09-24,14.2,11.4,17.0,6105978
2020-09-25,14.0,10.2,17.9,6105978
2020-09-26,17.2,8.4,25.9,6105978
2020-09-27,21.5,17.1,25.8,6105978
2020-09-28,20.9,14.9,26.9,6105978
2020-09-29,17.4,13.5,21.3,6105978
2020-09-30,13.6,10.7,16.5,6105978
2020-10-01,13.4,8.6,18.1,6105978
2020-10-02,8.4,4.5,12.4,6105978
2020-10-03,8.3,4.2,12.4,6105978
2020-10-04,9.9,5.7,14.0,6105978
2020-10-05,9.7,7.1,12.2,6105978
2020-10-06,11.6,7.2,16.0,6105978
2020-10-07,11.7,6.7,16.6,6105978
2020-10-08,5.7,1.4,9.9,6105978
2020-10-09,7.3,-0.4,15.0,6105978
2020-10-10,14.7,6.5,22.8,6105978
2020-10-11,6.6,2.5,10.6,6105978
2020-10-12,7.5,1.6,13.4,6105978
2020-10-13,9.9,7.6,12.2,6105978
2020-10-14,9.8,3.7,16.0,6105978
2020-10-15,13.3,8.7,17.9,6105978
2020-10-16,6.2,1.8,10.5,6105978
2020-10-17,6.9,-0.1,13.9,6105978
2020-10-18,9.1,4.3,14.0,6105978
2020-10-19,9.1,4.6,13.5,6105978
2020-10-20,6.5,3.9,9.1,6105978
2020-10-21,,,,6105978
2020-10-22,7.4,3.0,11.9,6105978
2020-10-23,17.0,9.7,24.3,6105978
2020-10-24,10.1,1.6,18.6,6105978
2020-10-25,2.8,-0.5,6.1,6105978
2020-10-26,1.8,0.4,3.3,6105978
2020-10-27,0.8,-1.6,3.1,6105978
2020-10-28,4.2,-0.8,9.2,6105978
2020-10-29,2.9,-0.9,6.8,6105978
2020-10-30,-0.6,-5.2,4.1,6105978
2020-10-31,0.5,-5.2,6.1,6105978
2020-11-01,4.4,0.6,8.1,6105978
2020-11-02,0.1,-2.1,2.4,6105978
2020-11-03,-1.4,-3.3,0.5,6105978
2020-11-04,4.9,-1.8,11.7,6105978
2020-11-05,9.0,-0.9,19.0,6105978
2020-11-06,12.5,6.8,18.2,6105978
2020-11-07,14.3,8.1,20.5,6105978
2020-11-08,13.2,5.1,21.4,6105978
2020-11-09,13.9,5.7,22.0,6105978
2020-11-10,14.4,6.3,22.5,6105978
2020-11-11,12.3,4.7,20.0,6105978
2020-11-12,3.2,-1.8,8.2,6105978
2020-11-13,1.7,-2.5,6.0,6105978
2020-11-14,0.2,-4.4,4.7,6105978
2020-11-15,2.3,-4.5,9.0,6105978
2020-11-16,4.4,1.5,7.4,6105978
2020-11-17,-2.9,-7.6,1.8,6105978
2020-11-18,-5.3,-7.9,-2.7,6105978
2020-11-19,1.9,-4.6,8.4,6105978
2020-11-20,7.8,0.5,15.0,6105978
2020-11-21,1.3,-5.0,7.7,6105978
2020-11-22,-3.0,-5.9,-0.1,6105978
2020-11-23,0.0,-1.3,1.4,6105978
2020-11-24,-4.3,-8.1,-0.5,6105978
2020-11-25,-3.2,-6.1,-0.3,6105978
2020-11-26,0.9,-0.3,2.1,6105978
2020-11-27,2.7,1.0,4.3,6105978
2020-11-28,3.0,1.2,4.8,6105978
2020-11-29,4.0,0.6,7.4,6105978
2020-11-30,2.7,0.4,5.0,6105978
2020-12-01,3.0,0.5,5.6,6105978
2020-12-02,-2.3,-5.2,0.5,6105978
2020-12-03,-0.8,-5.2,3.7,6105978
2020-12-04,1.8,0.2,3.5,6105978
2020-12-05,-1.2,-3.8,1.3,6105978
2020-12-06,-2.9,-4.9,-0.8,6105978
2020-12-07,-4.5,-6.5,-2.5,6105978
2020-12-08,-6.8,-8.9,-4.7,6105978
2020-12-09,-2.0,-5.8,1.7,6105978
2020-12-10,0.8,-0.5,2.1,6105978
2020-12-11,1.8,-0.7,4.2,6105978
2020-12-12,1.8,0.4,3.2,6105978
2020-12-13,1.6,-3.6,6.9,6105978
2020-12-14,-3.0,-5.0,-0.9,6105978
2020-12-15,-10.5,-16.0,-5.0,6105978
2020-12-16,-14.8,-17.4,-12.3,6105978
2020-12-17,-8.9,-12.7,-5.2,6105978
2020-12-18,-8.8,-13.3,-4.3,6105978
2020-12-19,-8.5,-13.5,-3.6,6105978
2020-12-20,-1.3,-4.1,1.4,6105978
2020-12-21,1.9,0.3,3.4,6105978
2020-12-22,-3.1,-7.9,1.7,6105978
2020-12-23,-6.4,-9.8,-3.0,6105978
2020-12-24,2.8,-3.1,8.8,6105978
2020-12-25,1.4,-2.7,5.5,6105978
2020-12-26,-5.6,-9.2,-2.0,6105978
2020-12-27,-6.2,-9.1,-3.3,6105978
2020-12-28,-1.2,-6.8,4.3,6105978
2020-12-29,-8.9,-11.2,-6.5,6105978
2020-12-30,-2.9,-9.4,3.6,6105978
2020-12-31,-0.6,-4.5,3.4,6105978
2021-01-01,-3.3,-6.2,-0.3,6105978
2021-01-02,-2.3,-4.6,0.0,6105978
2021-01-03,-3.9,-5.9,-1.9,6105978
2021-01-04,-1.7,-2.8,-0.6,6105978
2021-01-05,-2.0,-2.9,-1.2,6105978
2021-01-06,-3.0,-4.3,-1.7,6105978
2021-01-07,-4.7,-7.2,-2.1,6105978
2021-01-08,-7.6,-11.1,-4.1,6105978
2021-01-09,-5.1,-8.6,-1.5,6105978
2021-01-10,-8.2,-10.4,-6.0,6105978
2021-01-11,-2.2,-6.1,1.6,6105978
2021-01-12,-0.2,-1.6,1.2,6105978
2021-01-13,-0.7,-2.1,0.6,6105978
2021-01-14,0.4,-0.1,0.9,6105978
2021-01-15,-0.4,-1.4,0.6,6105978
2021-01-16,0.0,-0.6,0.6,6105978
2021-01-17,-3.3,-7.1,0.5,6105978
2021-01-18,-10.6,-14.3,-6.9,6105978
2021-01-19,-11.4,-15.6,-7.1,6105978
2021-01-20,-12.4,-16.2,-8.6,6105978
2021-01-21,-9.0,-14.1,-3.9,6105978
2021-01-22,-7.2,-12.8,-1.7,6105978
2021-01-23,-14.8,-17.1,-12.4,6105978
2021-01-24,-14.5,-19.1,-9.9,6105978
2021-01-25,-12.8,-18.9,-6.6,6105978
2021-01-26,-5.2,-6.7,-3.7,6105978
2021-01-27,-5.5,-7.7,-3.3,6105978
2021-01-28,-12.4,-17.7,-7.1,6105978
2021-01-29,-15.2,-19.5,-11.0,6105978
2021-01-30,-15.2,-19.7,-10.7,6105978
2021-01-31,-16.6,-20.7,-12.5,6105978
2021-02-01,-14.0,-22.6,-5.3,6105978
2021-02-02,-5.3,-11.9,1.4,6105978
2021-02-03,-1.1,-4.2,1.9,6105978
2021-02-04,-4.9,-11.0,1.2,6105978
2021-02-05,-3.9,-9.6,1.7,6105978
2021-02-06,-7.8,-11.1,-4.4,6105978
2021-02-07,-9.1,-13.6,-4.6,6105978
2021-02-08,-13.5,-20.3,-6.8,6105978
2021-02-09,-8.9,-13.3,-4.4,6105978
2021-02-10,-10.3,-14.1,-6.5,6105978
2021-02-11,-14.1,-19.8,-8.5,6105978
2021-02-12,-17.7,-21.7,-13.6,6105978
2021-02-13,-17.5,-23.0,-12.0,6105978
2021-02-14,-10.4,-14.3,-6.6,6105978
2021-02-15,-7.5,-11.5,-3.5,6105978
2021-02-16,-11.1,-14.5,-7.6,6105978
2021-02-17,-12.7,-18.5,-6.9,6105978
2021-02-18,-11.5,-19.8,-3.3,6105978
2021-02-19,-8.3,-10.5,-6.2,6105978
2021-02-20,-9.1,-14.7,-3.5,6105978
2021-02-21,-8.8,-16.2,-1.5,6105978
2021-02-22,-3.8,-7.7,0.2,6105978
2021-02-23,1.4,-0.3,3.0,6105978
2021-02-24,-0.8,-3.7,2.2,6105978
2021-02-25,-6.8,-11.4,-2.1,6105978
2021-02-26,-7.4,-15.4,0.7,6105978
2021-02-27,-4.0,-11.2,3.3,6105978
2021-02-28,-3.9,-12.5,4.8,6105978
2021-03-01,-6.2,-16.8,4.5,6105978
2021-03-02,-12.7,-18.4,-7.0,6105978
2021-03-03,-3.5,-7.1,0.0,6105978
2021-03-04,-8.2,-12.6,-3.8,6105978
2021-03-05,-10.5,-15.3,-5.6,6105978
2021-03-06,-9.0,-10.9,-7.0,6105978
2021-03-07,-11.8,-17.5,-6.0,6105978
2021-03-08,-10.0,-18.3,-1.7,6105978
2021-03-09,-0.8,-8.4,6.8,6105978
2021-03-10,1.5,-6.9,9.8,6105978
2021-03-11,9.4,4.8,14.0,6105978
2021-03-12,-0.1,-6.6,6.3,6105978
2021-03-13,-4.8,-9.5,-0.1,6105978
2021-03-14,-6.4,-12.0,-0.8,6105978
2021-03-15,-9.9,-14.5,-5.3,6105978
2021-03-16,-4.3,-11.7,3.0,6105978
2021-03-17,1.0,-6.1,8.1,6105978
2021-03-18,-0.6,-5.6,4.4,6105978
2021-03-19,-3.8,-8.7,1.0,6105978
2021-03-20,4.7,-4.1,13.5,6105978
2021-03-21,6.2,-2.2,14.6,6105978
2021-03-22,7.5,-2.4,17.3,6105978
2021-03-23,9.4,-0.6,19.4,6105978
2021-03-24,6.8,2.5,11.1,6105978
2021-03-25,12.8,6.5,19.1,6105978
2021-03-26,5.0,0.3,9.7,6105978
2021-03-27,2.0,-0.4,4.5,6105978
2021-03-28,6.0,1.0,11.0,6105978
2021-03-29,0.0,-3.7,3.8,6105978
2021-03-30,7.5,-2.0,16.9,6105978
2021-03-31,8.3,2.0,14.5,6105978
2021-04-01,-0.7,-4.8,3.4,6105978
2021-04-02,-1.7,-6.6,3.2,6105978
2021-04-03,2.9,-4.6,10.4,6105978
2021-04-04,6.7,-0.3,13.8,6105978
2021-04-05,7.5,1.7,13.3,6105978
2021-04-06,7.8,-0.4,16.0,6105978
2021-04-07,10.3,2.1,18.5,6105978
2021-04-08,14.3,6.6,21.9,6105978
2021-04-09,15.4,7.6,23.1,6105978
2021-04-10,15.3,6.1,24.5,6105978
2021-04-11,13.6,8.1,19.2,6105978
2021-04-12,13.3,9.3,17.3,6105978
2021-04-13,13.2,8.9,17.6,6105978
2021-04-14,13.0,8.8,17.1,6105978
2021-04-15,8.7,6.0,11.3,6105978
2021-04-16,5.8,3.1,8.6,6105978
2021-04-17,8.5,4.1,12.9,6105978
2021-04-18,10.0,5.2,14.8,6105978
2021-04-19,11.3,5.1,17.5,6105978
2021-04-20,6.4,1.4,11.4,6105978
2021-04-21,0.0,-2.8,2.7,6105978
2021-04-22,1.8,-3.0,6.5,6105978
2021-04-23,9.1,2.2,16.0,6105978
2021-04-24,12.1,4.6,19.7,6105978
2021-04-25,7.1,0.1,14.1,6105978
2021-04-26,5.2,-1.1,11.6,6105978
2021-04-27,8.3,1.9,14.8,6105978
2021-04-28,12.1,8.4,15.8,6105978
2021-04-29,12.3,8.0,16.7,6105978
2021-04-30,6.0,0.9,11.1,6105978
2021-05-01,5.4,-0.5,11.4,6105978
2021-05-02,7.8,1.4,14.1,6105978
2021-05-03,7.7,5.7,9.7,6105978
2021-05-04,10.5,8.0,13.0,6105978
2021-05-05,9.1,7.3,10.9,6105978
2021-05-06,8.7,3.6,13.8,6105978
2021-05-07,8.6,4.5,12.6,6105978
2021-05-08,8.3,6.1,10.4,6105978
2021-05-09,9.8,5.1,14.6,6105978
2021-05-10,10.3,4.2,16.4,6105978
2021-05-11,7.8,4.3,11.3,6105978
2021-05-12,11.5,5.5,17.6,6105978
2021-05-13,12.5,3.7,21.2,6105978
2021-05-14,15.4,7.1,23.7,6105978
2021-05-15,17.4,11.0,23.8,6105978
2021-05-16,16.3,9.0,23.6,6105978
2021-05-17,16.0,7.0,25.0,6105978
2021-05-18,19.2,12.5,25.9,6105978
2021-05-19,19.7,10.0,29.5,6105978
2021-05-20,21.8,15.1,28.5,6105978
2021-05-21,24.1,16.5,31.6,6105978
2021-05-22,23.6,19.5,27.6,6105978
2021-05-23,14.4,9.3,19.5,6105978
2021-05-24,14.3,6.9,21.8,6105978
2021-05-25,18.9,10.6,27.2,6105978
2021-05-26,21.1,14.4,27.8,6105978
2021-05-27,9.3,4.1,14.4,6105978
2021-05-28,8.0,3.1,12.9,6105978
2021-05-29,11.8,5.0,18.6,6105978
2021-05-30,11.9,3.3,20.5,6105978
2021-05-31,14.3,5.1,23.5,6105978
2021-06-01,18.9,12.9,24.9,6105978
2021-06-02,18.7,10.6,26.8,6105978
2021-06-03,18.8,15.4,22.1,6105978
2021-06-04,20.3,14.2,26.4,6105978
2021-06-05,22.2,16.0,28.5,6105978
2021-06-06,24.6,17.0,32.3,6105978
2021-06-07,26.3,19.1,33.4,6105978
2021-06-08,27.1,22.8,31.4,6105978
2021-06-09,23.3,17.8,28.8,6105978
2021-06-10,19.0,14.5,23.6,6105978
2021-06-11,19.7,14.5,24.9,6105978
2021-06-12,19.4,11.9,26.9,6105978
2021-06-13,20.6,12.5,28.7,6105978
2021-06-14,19.7,16.4,23.0,6105978
2021-06-15,17.7,12.7,22.7,6105978
2021-06-16,16.1,10.6,21.5,6105978
2021-06-17,18.4,10.6,26.2,6105978
2021-06-18,17.3,13.7,20.8,6105978
2021-06-19,20.5,15.3,25.7,6105978
2021-06-20,21.7,15.1,28.2,6105978
2021-06-21,22.5,16.4,28.6,6105978
2021-06-22,12.0,7.4,16.6,6105978
2021-06-23,14.6,7.2,22.0,6105978
2021-06-24,19.5,11.6,27.4,6105978
2021-06-25,21.9,19.2,24.5,6105978
2021-06-26,20.5,16.9,24.2,6105978
2021-06-27,26.5,22.2,30.9,6105978
2021-06-28,26.9,22.3,31.5,6105978
2021-06-29,23.4,19.8,26.9,6105978
2021-06-30,23.2,17.4,28.9,6105978
2021-07-01,19.6,14.5,24.7,6105978
2021-07-02,19.3,15.7,22.9,6105978
2021-07-03,17.0,12.0,21.9,6105978
2021-07-04,18.3,11.6,25.1,6105978
2021-07-05,20.0,12.3,27.7,6105978
2021-07-06,23.9,17.7,30.2,6105978
2021-07-07,15.0,11.9,18.1,6105978
2021-07-08,16.0,14.1,17.9,6105978
2021-07-09,17.5,13.0,22.1,6105978
2021-07-10,18.4,10.3,26.6,6105978
2021-07-11,20.0,13.6,26.5,6105978
2021-07-12,21.7,15.7,27.6,6105978
2021-07-13,23.3,19.8,26.9,6105978
2021-07-14,23.9,19.0,28.7,6105978
2021-07-15,,,,6105978
2021-07-16,21.5,17.0,25.9,6105978
2021-07-17,21.5,16.7,26.2,6105978
2021-07-18,23.4,17.5,29.3,6105978
2021-07-19,,,,6105978
2021-07-20,,,,6105978
2021-07-21,,,,6105978
2021-07-22,19.6,13.9,25.4,6105978
2021-07-23,19.6,13.6,25.6,6105978
2021-07-24,19.4,12.3,26.6,6105978
2021-07-25,21.6,16.3,27.0,6105978
2021-07-26,,,,6105978
2021-07-27,16.1,13.2,19.1,6105978
2021-07-28,17.6,11.1,24.2,6105978
2021-07-29,16.1,13.6,18.6,6105978
2021-07-30,15.7,12.3,19.1,6105978
2021-07-31,17.5,12.0,23.0,6105978
2021-08-01,15.9,13.1,18.7,6105978
2021-08-02,18.3,13.8,22.9,6105978
2021-08-03,18.9,11.8,26.0,6105978
2021-08-04,20.6,13.7,27.4,6105978
2021-08-05,21.4,14.0,28.7,6105978
2021-08-06,23.1,16.3,29.9,6105978
2021-08-07,22.6,17.0,28.1,6105978
2021-08-08,23.2,19.0,27.4,6105978
2021-08-09,25.5,19.9,31.2,6105978
2021-08-10,25.4,20.2,30.6,6105978
2021-08-11,26.8,22.6,31.1,6105978
2021-08-12,26.0,21.1,30.9,6105978
2021-08-13,24.9,18.9,31.0,6105978
2021-08-14,18.5,13.2,23.7,6105978
2021-08-15,16.8,9.4,24.2,6105978
2021-08-16,18.2,10.5,26.0,6105978
2021-08-17,18.6,14.1,23.1,6105978
2021-08-18,24.5,19.7,29.2,6105978
2021-08-19,23.7,18.7,28.6,6105978
2021-08-20,24.8,17.1,32.5,6105978
2021-08-21,25.9,19.2,32.7,6105978
2021-08-22,25.9,19.4,32.3,6105978
2021-08-23,25.1,21.9,28.4,6105978
2021-08-24,24.9,18.7,31.2,6105978
2021-08-25,25.2,17.1,33.2,6105978
2021-08-26,26.9,21.5,32.3,6105978
2021-08-27,20.2,17.1,23.2,6105978
2021-08-28,18.1,16.1,20.1,6105978
2021-08-29,20.9,16.3,25.5,6105978
2021-08-30,23.7,19.5,28.0,6105978
2021-08-31,20.6,16.3,24.8,6105978
2021-09-01,18.7,13.9,23.5,6105978
2021-09-02,14.6,11.6,17.7,6105978
2021-09-03,17.8,12.6,22.9,6105978
2021-09-04,17.9,10.8,24.9,6105978
2021-09-05,19.5,14.4,24.5,6105978
2021-09-06,17.5,13.1,21.8,6105978
2021-09-07,18.0,12.7,23.3,6105978
2021-09-08,19.5,14.6,24.4,6105978
2021-09-09,17.0,11.2,22.8,6105978
2021-09-10,16.3,12.0,20.6,6105978
2021-09-11,17.2,10.0,24.4,6105978
2021-09-12,18.4,14.4,22.3,6105978
2021-09-13,16.3,11.1,21.4,6105978
2021-09-14,15.2,8.1,22.4,6105978
2021-09-15,15.2,10.5,19.9,6105978
2021-09-16,15.9,8.4,23.5,6105978
2021-09-17,18.1,9.8,26.4,6105978
2021-09-18,16.4,10.9,22.0,6105978
