date,CA-AB,CA-BC,CA-MB,CA-NB,CA-NL,CA-NT,CA-NS,CA-NU,CA-ON,CA-PE,CA-QC,CA-SK,CA-YT
2020-01-01,3.811071429,3.138529412,0,0,0,0,0,0,7.472689076,0,2.316533613,0,0
2020-01-02,0,6.023809524,0,0,0,0,11.36567835,0,4.773584906,0,0,0,0
2020-01-03,20.1682911,0,0,0,0,0,0,0,5.445438596,0,3.831975309,0,0
2020-01-04,0,1.68,0,0,0,0,0,0,2.666666667,0,1.173333333,0,0
2020-01-05,2.300480769,3.680769231,17.71370192,0,23.00480769,0,9.662019231,0,2.990625,0,0,0,0
2020-01-06,0,2.589147287,0,0,0,0,15.23027816,0,6.549019608,0,0,13.85955312,0
2020-01-07,13.24848485,4.478361076,10.2629108,18.65983781,0,0,0,0,4.478361076,0,0,12.31549296,0
2020-01-08,10.78835979,3.020740741,0,0,0,0,0,0,1.941904762,0,0,0,0
2020-01-09,0,4.428571429,0,20.12987013,0,0,0,0,2.818181818,0,1.61038961,0,0
2020-01-10,4.886792453,0,0,0,0,0,0,0,2.59,0,0,0,0
2020-01-11,0,9.25,44.04761905,0,0,0,0,0,3.083333333,0,6.607142857,0,0
2020-01-12,0,7.892539683,0,0,0,0,0,0,12.93858964,0,10.8684153,0,0
2020-01-13,3.715151515,2.919047619,0,13.26839827,0,0,8.624458874,0,3.980519481,0,0,0,0
2020-01-14,0,5.928961749,14.46088231,0,0,0,0,0,8.821138211,0,2.169132347,0,0
2020-01-15,0,3.307692308,2.846153846,0,7.692307692,0,0,0,1,0,0,0,0
2020-01-16,1.118487395,0.864285714,0,0,0,0,0,0,1.779411765,0,0,5.084033613,0
2020-01-17,0,0,0,0,0,0,0,0,3,0,2.52,0,0
2020-01-18,0,18.25,0,0,130.3571429,0,54.75,0,13.03571429,0,6.517857143,52.14285714,0
2020-01-19,0,4.569855072,0,0,0,0,0,0,14.2807971,0,6.569166667,0,0
2020-01-20,5.612181818,4.572888889,20.78585859,0,0,0,0,0,7.482909091,0,6.235757576,0,0
2020-01-21,4.161324451,14.08448276,0,32.01018809,0,0,0,0,9.282954545,0,4.801528213,0,0
2020-01-22,7.13,0,0,0,0,0,33.70545455,0,19.44545455,0,3.889090909,64.81818182,0
2020-01-23,4.488347826,3.559724138,5.571742129,0,15.47706147,0,0,0,3.869265367,0,2.476329835,0,0
2020-01-24,11.56969231,27.54688645,0,0,0,0,0,0,21.48657143,0,6.611252747,26.44501099,0
2020-01-25,2.564210526,18.31578947,0,0,0,0,11.72210526,0,6.96,0,1.465263158,0,0
2020-01-26,17.13502825,16.44962712,13.47955556,0,0,0,15.07882486,0,22.84670433,0,3.883939736,0,0
2020-01-27,22.74010479,27.90831042,14.12642873,0,0,0,0,0,34.45470422,0,4.134564507,0,0
2020-01-28,25.34569597,34.42475124,16.2666407,0,0,0,0,0,31.77669346,0,4.539527637,37.82939697,0
2020-01-29,35.79591304,83.2463094,19.14665116,0,54.11010111,0,24.14142973,0,19.14665116,0,8.32463094,0,0
2020-01-30,16.71138393,45.16590251,0,0,0,0,0,0,28.90617761,0,6.323226351,0,0
2020-01-31,4.53,18.12,0,0,0,0,0,0,19.41428571,0,2.588571429,21.57142857,0
2020-02-01,12.1188171,23.77152585,46.610835,0,0,0,28.8987177,0,23.3054175,0,6.99162525,28.43260935,0
2020-02-02,24.92658228,23.44285714,0,29.67450271,0,0,0,0,11.27631103,0,4.451175407,0,0
2020-02-03,9.593636364,27.41038961,18.84464286,34.26298701,0,0,0,0,15.07571429,0,7.537857143,0,0
2020-02-04,12.1875,3.207236842,0,0,0,0,0,0,12.82894737,0,2.180921053,0,0
2020-02-05,2.696364185,6.213360948,0,0,0,0,0,0,5.627194821,0,4.337629341,11.72332254,0
2020-02-06,0,4.523809524,7.32034632,0,0,0,8.225108225,0,3.454545455,0,1.069264069,0,0
2020-02-07,35.29464687,9.176608187,0,0,0,0,0,0,20.11794872,0,0,0,0
2020-02-08,0,0,0,0,0,0,0,0,4.333333333,0,0.971264368,7.471264368,0
2020-02-09,0,77.86666667,0,99.82905983,0,0,0,0,25.95555556,0,14.97435897,0,0
2020-02-10,10.15251572,8.122012579,0,0,0,0,0,0,5.380833333,0,0,0,0
2020-02-11,19.02321429,11.27301587,17.96636905,35.2281746,0,0,21.84146825,0,11.27301587,0,5.28422619,22.19375,0
2020-02-12,19.98294118,32.75891996,0,0,0,0,0,0,22.27606557,0,5.569016393,0,0
2020-02-13,14.03157895,25.98440546,17.40955166,0,0,0,0,0,9.874074074,0,5.196881092,21.82690058,0
2020-02-14,6.0625,12.125,0,0,0,0,0,0,4.85,0,1.6975,0,0
2020-02-15,0,18.72619048,30.20353303,60.40706605,0,0,0,0,4.228494624,0,9.061059908,0,0
2020-02-16,4.326488095,13.76609848,0,0,0,0,39.33170996,0,9.43961039,0,4.719805195,0,0
2020-02-17,4.142780749,7.042727273,0,30.65657754,41.42780749,0,0,0,4.557058824,0,6.628449198,19.88534759,0
2020-02-18,0,7.921052632,0,34.43935927,0,0,0,0,13.08695652,0,0,0,0
2020-02-19,3.48,8.285714286,0,0,0,0,0,0,4.64,0,0,0,0
2020-02-20,7.495,5.450909091,27.25454545,0,0,0,0,0,5.450909091,0,8.176363636,68.13636364,0
2020-02-21,1.599449878,1.359532396,6.317827018,0,0,0,7.99724939,0,1.759394866,0,2.799037287,7.757331909,0
2020-02-22,5,10,0,0,0,500,0,0,10,0,5,0,0
2020-02-23,12.61156463,25.22312925,23.7097415,0,0,0,0,0,12.35933333,0,3.783469388,0,0
2020-02-24,21.50784095,14.84041026,13.98009662,0,0,0,17.85150799,0,3.871411371,0,2.150784095,0,0
2020-02-25,12.92039683,7.80099431,12.18905361,24.37810722,0,0,15.11442647,0,6.825870021,0,10.97014825,0,0
2020-02-26,11.39450549,22.78901099,10.71083516,0,0,0,13.67340659,0,14.81285714,0,3.190461538,0,0
2020-02-27,12.87558756,7.785238993,6.138361513,0,0,0,0,0,9.282400337,0,3.443471093,14.97161345,0
2020-02-28,20.78341991,8.361145942,0,0,0,0,23.88898841,0,23.65009852,0,5.972247102,0,0
2020-02-29,12.63595922,20.57016617,0,24.39033988,0,0,29.38595167,0,9.69736405,0,5.583330816,0,0
2020-03-01,10.71948052,4.168686869,59.55266955,0,0,0,0,0,23.22554113,0,6.550793651,0,0
2020-03-02,12.1255132,3.758909091,0,0,0,0,0,0,5.335225806,0,0.848785924,6.911542522,0
2020-03-03,7.893067705,18.82193068,60.71590543,0,0,0,0,0,18.82193068,0,4.857272434,35.8223842,0
2020-03-04,12.86309524,7.016233766,0,0,0,0,0,0,8.185606061,0,0,58.46861472,0
2020-03-05,25.46188034,13.479819,0,0,0,0,0,0,33.69954751,0,4.867712418,37.44394168,0
2020-03-06,10.35858586,19.53333333,0,0,29.5959596,0,0,0,6.215151515,0,0,0,0
2020-03-07,17.02,21.275,34.04,0,0,0,18.43833333,0,11.34666667,141.8333333,5.673333333,0,0
2020-03-08,7.424625,8.965584906,14.00872642,0,0,0,0,0,7.004363208,0,2.101308962,0,0
2020-03-09,13.38194444,2.833823529,0,0,0,0,15.74346405,0,7.084558824,0,5.667647059,0,0
2020-03-10,0,20.87625103,16.76426219,31.63068337,0,0,0,0,14.55011435,0,4.744602506,0,0
2020-03-11,13.3625,17.81666667,0,31.81547619,0,0,0,0,22.27083333,0,7.635714286,0,0
2020-03-12,6.458333333,12.91666667,25.83333333,16.53333333,0,0,0,0,7.75,0,3.875,10.33333333,0
2020-03-13,23.6869281,17.33189861,57.77299538,45.06293639,0,0,0,0,15.0209788,0,9.821409214,43.32974653,0
2020-03-14,18.38671904,22.62980805,35.35907508,33.94471208,0,0,22.2762173,0,25.10494331,0,8.486178019,21.92262655,0
2020-03-15,28.39184939,32.75982622,0,0,109.1994207,0,0,0,68.79563506,0,10.91994207,46.95575092,0
2020-03-16,31.46111111,30.12234043,34.13865248,66.93853428,51.54267139,0,44.84881797,0,20.08156028,0,13.38770686,0,0
2020-03-17,13.01013146,19.32933818,9.664669088,37.17180418,29.73744335,0,13.01013146,0,21.93136447,0,2.973744335,12.26669538,0
2020-03-18,15.23871203,19.26403218,9.488254658,19.26403218,28.75228684,0,0,0,8.913208921,0,0,11.78843761,0
2020-03-19,21.75436207,21.75436207,13.94510389,27.33240363,0,0,55.78041556,0,32.35264103,0,8.92486649,0,0
2020-03-20,23.96305393,30.30621527,0,27.8394303,0,0,18.3246883,0,29.24902171,0,16.21030119,35.23978519,0
2020-03-21,16.82498397,31.67055807,12.37131175,49.48524698,35.62937783,0,32.66026301,0,24.74262349,0,12.37131175,45.03157475,0
2020-03-22,47.78116384,36.34060349,67.29741386,53.83793109,0,0,32.97573279,0,39.70547418,0,10.76758622,0,0
2020-03-23,29.60441809,37.95438217,9.868139365,19.73627873,28.84533045,0,12.90448994,0,34.9180316,0,13.66357758,12.52494612,0
2020-03-24,21.77353535,44.60919438,53.10618379,0,0,0,35.58114314,0,40.89176152,0,10.62123676,32.92583395,0
2020-03-25,27.14102564,58.80555556,54.28205128,0,40.71153846,0,18.09401709,0,36.18803419,0,9.047008547,36.18803419,452.3504274
2020-03-26,23.5,31.33333333,0,31.33333333,0,783.3333333,70.5,0,31.33333333,0,23.5,0,0
2020-03-27,28.80713768,41.90129117,0,0,0,0,18.33181489,0,39.28246047,261.8830698,7.856492095,60.23310606,0
2020-03-28,20.27353395,38.92518519,81.0941358,80.28319444,0,0,50.2783642,0,43.79083333,0,16.21882716,24.32824074,0
2020-03-29,34.48293107,41.9542328,14.36788795,57.47155179,0,0,55.74740523,0,40.23008625,0,13.79317243,36.20707763,0
2020-03-30,79.61626745,57.32371256,77.22777943,49.36208582,74.8392914,0,66.08150198,0,70.85847803,0,3.980813373,65.28533931,0
2020-03-31,30.52777778,30.52777778,61.05555556,0,0,0,61.05555556,1526.388889,45.79166667,0,15.26388889,15.26388889,0
2020-04-01,26.2397873,68.72325244,87.46595765,56.22811563,41.23395147,0,73.72130717,0,59.97665668,124.9513681,16.24367785,69.97276612,0
2020-04-02,47.15460377,101.6443681,44.01096352,52.39400419,0,0,104.7880084,0,68.11220545,0,15.71820126,33.53216268,0
2020-04-03,117.6322166,126.9189705,99.05870868,54.17273131,40.2426004,0,154.7792323,0,94.41533171,116.0844242,17.02571555,51.07714666,0
2020-04-04,59.47497873,124.3567737,102.7295087,0,173.0181199,540.6816248,113.5431412,0,135.1704062,0,43.25452999,140.5772225,0
2020-04-05,73.98055556,144.3523035,108.2642276,61.349729,180.4403794,0,81.19817073,0,90.2201897,0,28.8704607,37.89247967,0
2020-04-06,97.43428913,146.1514337,111.3534733,187.9089862,236.6261307,695.9592081,215.7473545,0,125.2726575,0,20.87877624,215.7473545,0
2020-04-07,103.284194,90.95175289,129.4906312,146.4477377,70.91153615,0,84.78553235,0,87.86864262,106.3673042,18.4986616,154.1555134,0
2020-04-08,78.65381865,59.66841415,73.22941737,37.970809,56.95621351,0,90.40668811,0,56.05214663,82.27008618,18.08133762,73.22941737,0
2020-04-09,112.4444444,66.44444444,107.3333333,178.8888889,122.6666667,511.1111111,51.11111111,0,66.44444444,117.5555556,30.66666667,30.66666667,0
2020-04-10,110.9635809,71.79996409,32.63634731,97.90904194,326.3634731,0,143.5999282,0,68.53632936,0,19.58180839,169.709006,0
2020-04-11,87.40387427,49.94507101,118.6195437,118.6195437,143.5920792,624.3133876,149.835213,0,74.91760652,0,12.48626775,99.89014202,0
2020-04-12,68.61711062,26.92570164,86.85710205,25.1885596,0,0,85.98853103,0,43.42855103,0,10.42285225,76.43424981,0
2020-04-13,57.53531746,41.84386724,36.61338384,73.22676768,115.0706349,523.0483405,130.7620851,0,47.07435065,0,5.230483405,0,0
2020-04-14,70.15090001,52.29430728,59.94713273,29.33583091,127.5470909,0,102.0376727,0,42.09054,0,21.68300546,38.26412728,0
2020-04-15,54.95513285,42.27317912,33.81854329,63.40976867,93.00099405,422.7317912,42.27317912,0,50.72781494,0,8.454635823,97.22831197,0
2020-04-16,47.86905844,17.33190047,82.53285938,19.80788625,30.53715797,0,51.99570141,0,45.39307266,0,11.55460031,39.6157725,0
2020-04-17,41.86904629,59.81292328,79.25212334,149.5323082,116.6352004,0,50.84098478,0,53.83163095,0,19.43920006,16.4485539,0
2020-04-18,127.1877785,75.37053542,32.97460925,67.51943798,102.0642667,0,155.4517293,0,75.37053542,157.0219488,26.69373129,86.36207183,0
2020-04-19,36.13695286,51.62421837,113.5732804,72.27390572,0,0,61.94906205,0,56.78664021,0,20.64968735,46.46179654,516.2421837
2020-04-20,39.41269841,55.17777778,23.64761905,23.64761905,157.6507937,0,23.64761905,788.2539683,39.41269841,0,15.76507937,55.17777778,378.3619048
2020-04-21,66.66666667,53.33333333,13.33333333,26.66666667,53.33333333,573.3333333,66.66666667,1333.333333,53.33333333,0,26.66666667,26.66666667,0
2020-04-22,31.23059524,33.63294872,105.7035531,55.25413004,43.24236264,0,38.43765568,0,60.058837,240.235348,31.23059524,19.21882784,0
2020-04-23,42.49188984,41.5681531,45.26310005,53.57673067,40.64441637,0,92.37367357,0,44.33936331,0,26.78836533,71.12772865,0
2020-04-24,74.45301177,43.20113029,67.09962789,0,91.91729848,0,79.04887669,0,50.55451417,0,26.65601656,20.22180567,0
2020-04-25,27.8,37.06666667,55.6,27.8,83.4,0,74.13333333,926.6666667,46.33333333,0,27.8,37.06666667,0
2020-04-26,40.06065353,54.86567766,28.73916449,87.08837723,0,0,0,0,49.64037502,0,20.90121054,54.86567766,0
2020-04-27,52.44189017,36.20987654,33.71264368,62.43082163,32.46402725,0,56.18773946,0,37.45849298,0,14.98339719,27.46956152,0
2020-04-28,70.41007752,65.5542101,0,89.83354718,93.47544774,0,121.3966854,0,52.20057471,0,18.20950281,0,0
2020-04-29,40.82391534,40.82391534,88.74764205,71.88559006,0,0,31.94915114,0,40.82391534,0,31.94915114,31.06167472,0
2020-04-30,42.87731481,42.87731481,68.6037037,51.45277778,77.17916667,471.650463,85.75462963,857.5462963,51.45277778,0,17.15092593,77.17916667,0
2020-05-01,102.7613635,85.41204236,93.41942133,133.4563162,0,0,62.72446861,0,81.40835287,0,14.68019478,60.05534228,0
2020-05-02,17.72777778,53.18333333,35.45555556,44.31944444,115.2305556,850.9333333,35.45555556,886.3888889,44.31944444,0,8.863888889,35.45555556,0
2020-05-03,23.26877884,26.0610323,60.49882498,93.07511536,64.2218296,0,62.36032729,0,40.95305076,0,24.19952999,45.60680653,0
2020-05-04,46.89964611,46.89964611,56.01902174,130.2767947,82.07438069,0,91.19375632,0,59.92732558,0,13.02767947,52.1107179,0
2020-05-05,30.21507178,29.29946354,25.6370306,91.56082357,68.67061768,0,0,0,46.69602002,0,22.89020589,32.04628825,0
2020-05-06,16.28400465,42.51934547,73.27802091,78.70602246,28.94934159,0,13.57000387,0,41.61467854,90.46669248,19.90267235,67.85001936,0
2020-05-07,82.57821649,84.1973972,19.43016859,0,59.90968647,0,71.24395148,0,69.62477076,161.9180715,24.28771073,102.0083851,0
2020-05-08,71.56496294,53.4472508,90.58856069,28.08245381,86.96501826,0,38.95308109,0,47.10605156,0,26.2706826,38.04719549,0
2020-05-09,46.72404244,63.46101287,57.88202273,69.73737678,55.78990142,0,0,0,67.64525547,0,26.50020318,22.31596057,0
2020-05-10,46.62645838,69.93968757,42.74092018,79.65353307,58.28307298,0,77.71076397,0,83.53907127,194.2769099,15.54215279,52.45476568,0
2020-05-11,43.65140351,42.53213675,111.9266757,72.75233918,0,0,49.24773729,0,77.22940621,0,16.78900135,22.38533513,0
2020-05-12,29.5664936,25.3427088,39.0700094,70.74839541,35.9021708,0,15.839193,0,48.57352521,105.59462,17.9510854,47.51757901,0
2020-05-13,26.92251783,39.74276441,14.10227124,28.20454248,0,0,53.84503565,0,47.43491236,128.2024658,17.94834522,34.61466578,0
2020-05-14,40.60952381,50.76190476,40.60952381,86.2952381,40.60952381,0,35.53333333,0,71.06666667,0,40.60952381,20.3047619,507.6190476
2020-05-15,33.08562319,70.89776398,36.23663492,36.23663492,51.20394065,0,69.32225811,0,78.77529331,0,39.38764665,0,0
2020-05-16,36.40176113,40.90085521,23.31348747,20.04141905,33.94770982,0,0,0,26.58555588,0,26.99456444,29.0396072,0
2020-05-17,37.43118978,35.25495782,29.59675471,26.98527636,38.73692896,0,0,0,43.52463928,0,10.44591343,17.40985571,0
2020-05-18,17.20941833,41.50506775,27.83876495,0,36.94963348,0,0,0,38.46811157,0,15.69094025,50.61593627,0
2020-05-19,30.69700461,68.2155658,17.05389145,66.85125448,0,0,45.70442908,0,63.44047619,0,23.87544803,0,0
2020-05-20,53.12262977,57.80992063,32.81103604,62.4972115,0,0,42.18561776,0,78.12151437,156.2430287,21.87402402,18.74916345,0
2020-05-21,86.38397519,80.89927836,67.18753626,137.1174209,119.2921562,0,54.84696838,0,74.04340731,0,15.0829163,65.81636205,0
2020-05-22,59.83808707,92.35878656,102.7654104,55.93560313,84.55381868,0,58.53725909,0,54.63477515,130.082798,20.81324768,52.03311919,0
2020-05-23,84.48220419,109.3299113,118.0266088,0,124.2385356,0,28.57486318,0,85.72458955,0,22.3629364,0,0
2020-05-24,52.62610016,64.97049402,46.12905076,48.07816558,0,0,15.59291857,0,38.33259147,0,14.94321363,0,0
2020-05-25,47.48523002,51.09823665,51.61438045,25.29104642,41.29150436,0,51.09823665,0,49.03366143,0,11.8713075,50.06594904,0
2020-05-26,30.1863592,46.07391668,36.54138219,51.63456179,76.26027588,0,0,0,36.54138219,79.43778737,9.532534485,22.24258046,0
2020-05-27,46.26215375,50.59923066,49.15353836,62.1647691,0,0,0,0,43.37076914,144.5692305,10.11984613,39.03369223,0
2020-05-28,53.82586699,48.44328029,0,105.4986993,107.651734,0,0,0,40.90765891,0,19.37731212,46.29024561,0
2020-05-29,23.04398148,41.47916667,13.82638889,115.2199074,0,0,0,0,36.87037037,0,9.217592593,69.13194444,460.8796296
2020-05-30,17.3765368,96.53631554,34.75307359,58.88715248,93.64022607,0,0,0,74.33296296,0,19.30726311,41.51061568,0
2020-05-31,79.1,43.94444444,26.36666667,96.67777778,0,0,131.8333333,0,79.1,0,17.57777778,35.15555556,878.8888889
2020-06-01,97.45705128,75.45062035,37.72531017,147.7574648,0,0,47.15663772,0,81.73817204,314.3775848,6.287551696,0,0
2020-06-02,32.41458824,46.97766411,0,31.94481159,42.74967434,0,40.40079113,0,39.93101449,0,7.046649616,39.46123785,0
2020-06-03,22.34812893,52.37842718,28.63354019,55.87032232,0,0,53.0768062,0,32.82381436,0,6.285411261,69.8379029,0
2020-06-04,33.16666667,33.16666667,12.4375,91.20833333,0,414.5833333,33.16666667,0,33.16666667,0,12.4375,16.58333333,0
2020-06-05,27.42065217,31.3378882,45.04821429,195.8618012,0,0,39.17236025,0,27.42065217,0,1.958618012,0,0
2020-06-06,25.26388889,22.96717172,11.48358586,229.6717172,39.04419192,0,13.78030303,0,27.56060606,197.5176768,13.78030303,55.12121212,0
2020-06-07,100.2936593,52.84289575,31.27436687,56.07817508,79.80355685,0,107.8426444,0,65.78401308,0,5.392132219,0,0
2020-06-08,14.19464809,16.01447477,9.099133393,36.39653357,25.4775735,0,36.03256824,0,28.02533085,0,7.279306715,11.28292541,0
2020-06-09,40.7251663,42.4958257,0,0,88.53297021,0,20.36258315,0,36.29851779,0,7.082637617,38.95450689,0
2020-06-10,10.96830575,37.77971982,40.2171211,38.99842046,121.8700639,0,26.81141406,0,54.84152877,0,9.749605114,25.59271342,0
2020-06-11,26.65011922,21.51274684,9.31148744,0,0,0,24.40251881,0,32.10857738,0,8.348230118,23.11817571,0
2020-06-12,20.26984127,28.06593407,16.37179487,29.62515263,0,0,77.96092796,0,43.65811966,0,7.016483516,0,0
2020-06-13,37.84040194,34.05636175,46.66982906,126.1346731,64.3286833,0,26.48828136,0,45.40848233,0,16.39750751,0,0
2020-06-14,10.67775891,16.90645161,29.66044143,13.05059423,0,0,0,0,18.38947368,0,0,8.008319185,0
2020-06-15,21.37063492,49.86481481,71.23544974,0,0,0,19.23357143,0,32.05595238,0,10.68531746,16.38415344,0
2020-06-16,10.80601513,49.97781997,0,58.08233132,91.8511286,0,0,0,48.62706808,135.0751891,6.753759456,106.7093994,0
2020-06-17,24.7718254,15.98182284,7.990911418,34.3609191,0,0,11.18727599,0,16.78091398,79.90911418,2.397273425,19.1781874,0
2020-06-18,25.13333333,18.85,25.13333333,25.13333333,35.73645833,0,0,0,39.27083333,0,5.890625,0,0
2020-06-19,26.9554668,38.50780971,26.5703887,0,36.96749733,0,18.09867057,0,29.26593538,0,6.161249554,31.19132587,0
2020-06-20,18.77142225,69.52378612,23.63808728,0,0,0,0,0,38.93332023,0,11.81904364,28.50475231,0
2020-06-21,23.17659543,18.10671518,0,24.14228691,0,0,0,0,16.65817797,0,14.24394928,15.93390936,0
2020-06-22,31.15876457,25.38862298,30.00473625,28.27369378,44.43009022,0,57.70141587,0,28.85070793,0,6.924169904,19.04146724,0
2020-06-23,41.75697674,41.75697674,0,34.33351421,0,0,0,0,39.90111111,0,11.1351938,92.79328165,0
2020-06-24,53.13488488,35.7452862,18.35568751,96.60888161,0,0,0,0,43.47399672,0,10.62697698,21.25395395,0
2020-06-25,22.4,22.4,22.4,0,29.86666667,0,14.93333333,746.6666667,22.4,0,7.466666667,0,0
2020-06-26,25.39103433,17.94883461,12.69551716,43.77764539,0,0,32.39545759,0,31.51990468,0,12.69551716,14.88439943,0
2020-06-27,20.68258597,25.85323246,35.72446668,31.02387896,47.00587721,0,42.30528949,0,39.95499563,0,14.57182193,20.2125272,0
2020-06-28,38.51462598,58.18166903,81.94601272,0,0,0,0,0,65.55681018,0,14.75028229,0,0
2020-06-29,22.2962963,24.45400239,25.89247312,22.2962963,35.96176822,0,15.46356033,0,33.44444444,0,1.798088411,15.10394265,0
2020-06-30,25.18744688,32.1839599,53.17349896,58.77070938,0,0,22.38884167,0,64.3679198,139.9302604,19.59023646,0,0
2020-07-01,55.09949206,30.0542684,0,0,0,0,51.76012891,0,83.48407888,0,17.53165657,22.5407013,0
2020-07-02,69.87781818,32.18057416,22.9861244,39.53613397,0,0,30.34168421,0,91.94449761,0,10.11389474,0,0
2020-07-03,26.34869402,44.64639819,27.81251035,0,39.52304102,0,73.19081671,0,48.30593903,0,8.782898005,17.56579601,0
2020-07-04,24.3231241,28.81354701,13.47126873,0,0,0,16.83908591,0,37.42019092,0,14.59387446,16.464884,0
2020-07-05,33.47439291,59.22392591,65.66130916,75.96112236,128.747665,0,27.03700965,0,70.81121576,0,10.2998132,27.03700965,0
2020-07-06,33.78265588,41.63908749,0,0,0,0,77.77867285,0,78.56431601,0,16.49850636,27.4975106,0
2020-07-07,43.3482835,27.09267719,27.09267719,0,39.01345515,0,17.3393134,0,60.6875969,108.3707087,4.33482835,46.59940476,0
2020-07-08,43.28924731,38.19639469,0,25.46426312,45.83567362,0,20.3714105,0,78.93921569,254.6426312,25.46426312,38.19639469,0
2020-07-09,64.67846154,25.47939394,0,40.17904429,0,0,51.93876457,0,97.997669,0,25.47939394,24.49941725,0
2020-07-10,37.88256662,20.97070652,0,0,41.94141304,0,18.94128331,0,67.64744039,0,15.55891129,0,0
2020-07-11,43.67709091,28.07812987,21.83854545,69.41537662,70.97527273,0,24.95833766,0,77.99480519,0,25.73828571,0,0
2020-07-12,27.03398268,56.0704826,38.04782748,29.03649992,100.1258618,0,41.05160333,0,60.07551708,0,22.02768959,22.02768959,0
2020-07-13,51.95693543,21.87660439,16.40745329,0,46.48778433,0,19.14202884,0,43.75320878,273.4575549,30.08033104,19.14202884,0
2020-07-14,40.92830088,39.79140363,14.77966421,0,40.92830088,0,35.24381465,0,65.94004031,113.6897247,35.24381465,36.38071189,0
2020-07-15,28.58305921,28.58305921,28.58305921,96.63796209,72.13819706,0,136.1098058,0,130.6654135,0,25.8608631,34.02745144,0
2020-07-16,79.28787879,59.46590909,19.8219697,39.64393939,0,991.0984848,29.73295455,0,109.0208333,0,19.8219697,109.0208333,0
2020-07-17,59.18129977,39.45419985,18.08317493,0,0,0,72.33269972,0,55.89344979,164.3924994,37.81027486,67.40092474,0
2020-07-18,41.94834222,40.50184766,36.16236398,67.98524429,57.85978237,0,69.43173885,0,63.64576061,144.6494559,26.03690207,66.53874973,0
2020-07-19,30.05434048,36.38157006,41.12699224,34.79976266,61.69048835,0,75.9267549,0,68.01771793,158.1807394,28.47253309,0,0
2020-07-20,61.16083283,50.04068141,44.4806057,37.06717141,0,0,55.60075712,0,98.22800425,185.3358571,29.65373713,77.84105997,0
2020-07-21,46.10155373,36.39596347,35.78936408,0,52.16754764,0,23.05077687,0,60.65993912,0,32.14976773,21.83757808,0
2020-07-22,106.8351558,38.32130587,41.80506095,0,40.64380926,0,52.25632619,0,35.99880248,116.1251693,18.58002709,49.9338228,0
2020-07-23,65.17044835,49.83622521,33.22415014,0,49.83622521,0,60.05904063,0,42.16911364,127.7851928,17.889927,60.05904063,0
2020-07-24,82.91202122,23.10662887,13.59213463,0,0,0,135.9213463,0,42.13561734,0,12.23292116,16.31056155,0
2020-07-25,69.3300876,30.97727318,33.92748968,30.97727318,48.67857215,0,132.7597422,0,42.77813916,147.5108247,13.27597422,39.82792266,0
2020-07-26,68.79918537,42.5304055,57.54113686,0,50.03577118,0,66.29739682,0,56.29024258,125.089428,21.26520275,22.51609703,0
2020-07-27,55.62246642,35.396115,0,0,0,0,252.8293928,0,53.09417249,0,22.75464535,65.73564214,0
2020-07-28,50.07,34.83130435,54.42391304,30.4773913,145.856087,0,217.6956522,0,54.42391304,141.5021739,13.06173913,0,0
2020-07-29,119.8130769,68.46461538,85.58076923,99.84423077,79.87538462,0,285.2692308,0,74.17,0,17.11615385,0,0
2020-07-30,111.1931217,23.35055556,55.59656085,0,40.02952381,0,71.16359788,0,50.03690476,0,7.783518519,33.35793651,0
2020-07-31,42.49865041,20.99330924,0,0,46.59490587,0,51.20319326,0,38.40239495,0,1.024063865,40.96255461,0
2020-08-01,189.8278139,59.94562543,82.42523496,52.45242225,0,0,249.7734393,0,79.92750057,197.321017,12.48867196,34.9682815,0
2020-08-02,123.6105393,44.49979415,0,0,63.04137505,0,58.09695348,0,71.6941128,0,8.652737752,58.09695348,0
2020-08-03,92.13405967,44.00432701,100.384871,0,0,0,137.5135219,0,99.00973577,0,15.12648741,23.37729872,0
2020-08-04,95.51370851,23.87842713,25.71522922,22.04162504,0,0,47.75685426,0,40.40964591,183.6802087,16.53121878,0,0
2020-08-05,90.33216237,31.22593267,68.02792475,0,0,0,0,0,49.06932277,111.5211881,12.26733069,50.18453465,0
2020-08-06,156.4382479,98.80310391,24.70077598,41.16795996,74.10232794,823.3591993,148.2046559,0,82.33591993,568.1178475,8.233591993,107.0366959,0
2020-08-07,61.15097554,68.34520796,119.9038736,0,41.96635577,0,73.14136291,0,39.56827829,0,10.79134863,47.96154945,0
2020-08-08,96.90277778,45.2212963,135.6638889,0,64.60185185,0,77.52222222,0,51.68148148,0,25.84074074,116.2833333,646.0185185
2020-08-09,123.3423445,49.89128542,62.36410678,40.19020215,63.74997582,0,138.586904,0,63.74997582,0,16.63042847,51.27715446,0
2020-08-10,83.34861597,56.15064655,57.90535425,0,0,0,56.15064655,0,45.62240032,0,13.16030778,87.73538523,0
2020-08-11,84.05359477,36.60398482,115.234767,0,0,0,20.33554712,0,44.73820367,135.5703141,14.91273456,61.00664137,0
2020-08-12,85.87152518,61.82749813,83.29537943,0,48.94676935,0,21.4678813,0,41.21833209,0,27.47888806,59.25135238,0
2020-08-13,87.32575758,64.03888889,29.10858586,0,0,0,75.68232323,0,34.93030303,0,17.46515152,128.0777778,582.1717172
2020-08-14,55.0915003,24.57928475,84.75615431,17.79879241,84.75615431,0,25.42684629,0,32.20733864,0,11.01830006,73.73785425,0
2020-08-15,72.96044194,38.66903423,51.80191378,0,55.44993588,0,65.66439775,0,45.23547401,0,5.836835356,62.74598007,0
2020-08-16,109.3907713,65.86971175,69.39844631,0,0,0,117.6244853,0,61.16473234,0,14.11493823,85.86587424,0
2020-08-17,99.51678848,36.18792308,150.7830129,129.6733911,149.2751827,0,60.31320514,0,64.83669553,0,10.5548109,60.31320514,0
2020-08-18,92.9894509,84.90341169,76.81737248,88.9464313,355.7857252,0,32.34415683,0,88.9464313,404.3019604,16.17207842,60.64529407,0
2020-08-19,32.14868839,27.76477633,146.1304018,71.60389686,121.2882335,0,35.07129642,0,48.22303258,0,14.61304018,81.83302499,0
2020-08-20,28.45329589,42.67994384,82.98877968,48.60771381,78.2465637,0,36.75217386,0,45.05105183,118.5553995,9.484431963,98.40098162,0
2020-08-21,66.57777778,47.55555556,133.1555556,85.6,237.7777778,0,19.02222222,951.1111111,38.04444444,0,19.02222222,57.06666667,0
2020-08-22,66.78977345,52.97119964,163.5197902,71.39596473,230.3095636,0,25.334052,0,41.45572145,149.7012164,9.212382545,87.51763418,0
2020-08-23,44.64583333,59.52777778,119.0555556,81.85069444,424.1354167,0,29.76388889,0,44.64583333,0,22.32291667,29.76388889,744.0972222
2020-08-24,57.26190476,57.26190476,114.5238095,80.16666667,217.5952381,1145.238095,34.35714286,0,45.80952381,0,11.45238095,80.16666667,0
2020-08-25,57.63006536,45.49742002,121.3264534,84.92851737,303.3161335,0,21.23212934,0,48.53058136,0,12.13264534,103.1274854,0
2020-08-26,56.16992383,41.19127747,97.3612013,59.91458541,124.8220529,0,41.19127747,0,43.68771853,0,14.97864635,19.97152847,0
2020-08-27,37.68333333,83.74074074,100.4888889,0,351.7111111,0,0,0,71.17962963,418.7037037,12.56111111,29.30925926,0
2020-08-28,80.89464597,61.42000898,40.44732298,0,116.847822,0,149.8048999,0,47.93756798,0,8.988293996,73.40440097,0
2020-08-29,77.06246032,41.88177191,58.63448068,33.50541753,167.5270876,0,23.45379227,0,40.20650104,0,13.40216701,23.45379227,0
2020-08-30,35.63333333,49.88666667,91.62857143,44.79619048,35.63333333,0,15.27142857,0,24.43428571,101.8095238,12.21714286,0,0
2020-08-31,70.86309524,56.69047619,99.20833333,35.43154762,56.69047619,0,49.60416667,0,49.60416667,708.6309524,7.086309524,28.3452381,0
2020-09-01,88.9896871,42.30657256,65.64812983,94.82507642,145.884733,0,0,0,36.47118324,0,17.50616795,40.84772523,0
2020-09-02,29.04085775,29.04085775,70.7081754,0,126.2645989,0,36.61673369,0,30.30350374,0,6.313229946,32.82879572,0
2020-09-03,33.81276901,26.66006787,22.10834897,20.15761229,65.02455579,0,13.65515672,0,20.80785785,0,10.40392893,0,0
2020-09-04,78.65333333,30.25128205,157.3066667,0,320.6635897,0,30.25128205,0,72.60307692,605.025641,6.05025641,0,0
2020-09-05,53.95690512,33.0703612,87.02726633,0,60.04881376,0,26.97845256,0,41.77308784,0,15.66490794,25.23790723,0
2020-09-06,41.52436126,32.4973262,39.71895425,0,126.3784908,0,25.27569816,0,30.69191919,180.5407011,9.027035056,23.47029115,0
2020-09-07,83.24433584,43.05741509,54.53939245,54.53939245,287.0494339,0,152.1362,0,60.28038113,0,11.48197736,0,0
2020-09-08,83.20218375,88.94026539,97.54738785,183.6186124,286.9040819,0,80.33314293,0,80.33314293,272.5588778,8.607122457,117.6306736,0
2020-09-09,36.23929669,53.29308336,44.76619002,87.40065671,213.1723334,0,27.71240335,0,61.8199767,0,4.263446669,27.71240335,0
2020-09-10,43.46289342,39.18785473,71.25064495,0,40.61286762,0,17.81266124,0,32.06279023,0,6.412558046,53.43798372,0
2020-09-11,38.54006704,83.50347859,51.38675605,32.11672253,96.3501676,0,0,0,32.11672253,0,6.423344507,19.27003352,642.3344507
2020-09-12,26.32526056,20.58156735,40.2058525,47.86411012,39.2485703,0,32.54759488,0,24.41069616,0,8.13689872,31.59031268,0
2020-09-13,177.0868408,149.1257607,228.348821,135.1452206,466.0180021,0,186.4072008,0,121.1646805,0,9.320360042,358.8338616,0
2020-09-14,26.9398492,38.2829436,53.87969839,141.78868,73.73011359,0,32.6113964,0,34.0292832,0,8.507320799,49.62603799,0
2020-09-15,68.98474688,137.9694938,71.01371003,0,202.8963144,0,42.60822602,0,62.89785745,0,6.086889431,0,0
2020-09-16,21.36085436,19.9367974,46.99387959,42.72170872,142.4056957,0,14.24056957,0,27.05708219,0,8.544341744,14.24056957,0
2020-09-17,37.69195638,76.4608258,58.15330413,0,107.691304,0,23.69208687,0,40.9226955,0,5.384565198,44.15343462,0
2020-09-18,49.92917365,64.19465183,42.79643455,35.66369546,0,0,49.92917365,0,42.79643455,0,14.26547818,21.39821728,713.2739092
2020-09-19,66.18322121,68.02164402,68.02164402,0,183.8422811,0,0,0,36.76845623,0,9.192114057,38.60687904,0
2020-09-20,35.94476122,67.82030419,0,0,66.4638981,0,0,0,42.0485886,0,18.31148213,0,0
2020-09-21,40.02338535,33.0017388,38.61905604,36.51256208,0,0,24.57576294,0,23.87359828,0,11.93679914,70.21646554,0
2020-09-22,39.48294671,32.55611396,58.87807843,69.26832757,0,0,0,0,42.25367982,0,11.77561569,23.55123137,0
2020-09-23,25.39578916,60.66771854,19.75228046,33.86105221,104.404911,0,19.75228046,0,42.32631526,141.0877175,16.9305261,0,0
2020-09-24,32.82436801,59.08386242,52.51898882,50.64331065,0,0,0,0,44.07843705,0,12.19190812,93.78390861,0
2020-09-25,27.26413903,30.38004064,19.47438502,77.89754009,0,0,26.48516363,0,31.15901604,0,3.115901604,49.07545026,0
2020-09-26,56.03721664,35.32781049,77.96482315,0,121.8200362,0,0,0,31.67320941,0,8.527402532,0,0
2020-09-27,16.13108423,29.84250582,80.65542114,0,60.49156585,0,25.80973476,0,28.2293974,0,9.678650537,25.00318055,0
2020-09-28,33.2782934,26.62263472,133.1131736,27.95376646,0,0,39.93395208,0,23.96037125,0,9.317922152,0,0
2020-09-29,44.95438233,29.96958822,38.29447384,34.96451959,0,0,0,0,31.63456535,166.4977123,13.31981699,93.23871891,0
2020-09-30,36.6636229,22.40554733,50.92169847,29.02536813,50.41248149,0,0,0,32.08067004,0,15.27650954,0,0
2020-10-01,22.37845382,23.9769148,55.14690405,0,79.92304935,0,68.73382244,0,35.96537221,0,12.7876879,0,0
2020-10-02,64.56844317,31.65119763,75.96287432,92.42149709,70.8986827,0,126.6047905,0,44.31167669,0,7.596287432,58.23820365,0
2020-10-03,28.26443232,24.73137828,60.06191868,38.86359444,0,0,24.73137828,0,35.3305404,353.305404,10.59916212,98.92551312,0
2020-10-04,31.37007322,30.06298683,70.58266474,130.7086384,66.66140558,0,0,0,20.91338214,0,14.37795022,0,0
2020-10-05,31.61263924,43.1537615,0,31.11085131,50.17879244,0,0,0,16.05721358,0,7.526818866,0,0
2020-10-06,26.79384189,33.82173485,33.82173485,0,0,0,43.92433097,0,31.6255183,0,7.467136264,20.64443555,0
2020-10-07,72.49381884,72.49381884,158.5802287,0,453.0863677,0,67.96295516,0,99.6790009,0,9.061727355,0,0
2020-10-08,17.12051501,8.680824512,24.11340142,14.22690684,23.38999938,0,0,0,11.57443268,0,0,0,0
2020-10-09,21.75639599,14.504264,21.75639599,108.78198,0,725.2131998,29.00852799,0,21.75639599,0,7.252131998,50.76492399,0
2020-10-10,35.01231462,33.63928267,17.8494153,32.9527667,55.6077938,0,22.65502711,0,20.59547919,0,13.04380348,68.65159729,0
2020-10-11,12.25324267,4.455724606,22.27862303,111.3931152,0,0,27.84827879,0,18.93682958,0,6.683586909,55.69655758,0
2020-10-12,9.487607641,17.92103666,11.24457202,22.48914404,35.13928756,0,0,0,10.54178627,0,3.513928756,14.75850077,0
2020-10-13,22.50688856,22.50688856,22.50688856,45.01377712,0,450.1377712,0,0,13.50413314,108.0330651,4.501377712,27.00826627,0
2020-10-14,13.50210961,13.50210961,87.76371249,33.75527404,54.00843846,675.1054807,20.25316442,0,20.25316442,0,13.50210961,60.75949326,0
2020-10-15,36.99665424,88.087272,65.18458128,0,0,0,83.6829084,0,43.16276328,0,9.68959992,39.6392724,0
2020-10-16,52.30867787,32.2755672,84.58424507,85.69719566,0,0,111.2950593,0,26.71081423,0,13.35540712,0,0
2020-10-17,38.15821177,11.30613682,70.66335512,31.79850981,0,0,0,0,26.1454414,0,5.65306841,40.98474597,0
2020-10-18,14.11295495,26.20977347,16.80113684,67.20454737,53.09159242,0,0,0,24.86568253,0,10.75272758,0,0
2020-10-19,20.09411456,22.57147115,14.31361585,27.52618433,0,0,18.4425435,0,21.74568562,0,0,0,0
2020-10-20,22.04538076,21.46523917,15.66382317,58.01415991,0,0,0,0,25.52623036,0,9.862407184,0,0
2020-10-21,24.15572727,22.8843732,52.12551673,127.1354067,0,0,0,0,35.59791387,0,7.6281244,41.9546842,0
2020-10-22,48.2138984,39.09235006,65.15391676,41.69850673,0,0,28.01618421,0,31.27388005,0,6.515391676,52.77467258,0
2020-10-23,9.893465958,18.33201045,11.93035601,0,0,0,15.71315182,0,12.2213403,0,3.782795807,29.09842929,0
2020-10-24,21.33142565,42.66285129,21.33142565,170.6514052,0,0,42.66285129,2133.142565,42.66285129,0,0,63.99427694,0
2020-10-25,20.87444208,61.13229466,50.69507362,149.1031577,0,0,0,0,41.74888416,0,7.455157885,0,0
2020-10-26,24.79987772,16.53325181,12.39993886,20.66656476,0,413.3312953,16.53325181,0,20.66656476,0,4.133312953,12.39993886,0
2020-10-27,19.04421396,11.32358668,33.45605154,31.91192609,51.47084853,0,0,0,21.61775638,0,7.720627279,0,0
2020-10-28,60.20665865,44.80495528,39.20433587,0,61.60681351,0,25.20278734,0,21.70240021,0,2.800309705,70.00774262,0
2020-10-29,23.33853309,14.91072947,16.85560723,64.82925858,0,0,0,0,23.98682567,0,0,40.8424329,0
2020-10-30,32.39004833,36.8068731,42.6959728,0,75.08602113,0,147.2274924,0,32.39004833,0,19.13957401,55.94644712,0
2020-10-31,13.35529128,41.09320394,11.30063108,51.36650493,0,0,32.87456315,0,16.43728158,0,7.704975739,29.27890781,0
2020-11-01,15.75489197,119.737179,315.0978394,0,0,0,141.7940277,0,59.86858949,0,15.75489197,69.32152467,0
2020-11-02,14.36564449,15.70198351,33.40847556,32.07213653,0,0,0,0,29.06537373,0,10.35662742,0,0
2020-11-03,32.13440061,37.29885785,37.87268644,36.15120069,57.38285824,0,0,0,33.28205778,0,5.738285824,22.37931471,0
2020-11-04,33.4439609,22.29597394,68.48049137,0,106.702161,0,66.88792181,0,23.8885435,159.2569567,17.51826524,0,0
2020-11-05,42.6283917,44.99663568,118.4121992,33.15541576,0,0,22.49831784,0,23.68243983,0,8.288853941,20.13007386,0
2020-11-06,46.64344641,54.25870297,48.54726055,95.19070696,0,0,31.4129333,0,13.32669897,0,12.3747919,29.50911916,0
2020-11-07,25.90138812,56.98305387,94.54006665,129.5069406,0,0,0,0,40.14715159,0,10.36055525,76.40909497,0
2020-11-08,54.69615911,34.45858024,37.74034979,38.28731138,0,0,0,0,21.33150205,0,9.84530864,47.03869683,0
2020-11-09,28.24433405,12.39995154,42.71094418,43.39983037,0,0,14.46661012,0,11.71106534,0,6.888861964,68.88861964,0
2020-11-10,32.24705575,33.25477624,17.63510861,0,0,0,50.3860246,0,24.18529181,0,12.09264591,0,0
2020-11-11,12.40422725,16.95244391,31.01056812,0,33.07793933,0,14.47159846,0,15.29854694,0,1.653896966,41.34742416,0
2020-11-12,22.97559165,15.14300359,52.21725376,26.10862688,0,0,17.23169374,0,11.48779583,0,2.08869015,16.7095212,0
2020-11-13,33.77452271,48.914826,38.43307757,116.4638714,0,0,26.78669043,0,23.29277428,0,6.987832285,0,0
2020-11-14,13.99756753,55.99027013,55.99027013,0,55.99027013,0,69.98783767,1399.756753,27.99513507,0,0,69.98783767,0
2020-11-15,22.50026669,53.57206356,30.00035559,0,0,0,41.25048894,0,26.78603178,0,17.67878097,19.82166352,0
2020-11-16,40.95860598,37.05778636,97.52049043,0,0,0,26.33053242,0,24.38012261,0,2.925614713,0,0
2020-11-17,7.052578127,88.15722658,23.80245118,0,0,0,30.8550293,0,38.7891797,0,11.46043946,30.8550293,0
2020-11-18,25.15705441,22.79858056,12.5785272,0,0,0,0,0,18.08163285,0,0,78.61579502,0
2020-11-19,21.11255732,26.7425726,28.15007642,53.48514521,46.4476261,0,0,0,12.66753439,140.7503821,2.815007642,18.29754968,0
2020-11-20,13.58655895,42.45799672,8.916179312,17.83235862,0,0,25.05021807,0,18.25693859,0,4.67037964,23.3518982,0
2020-11-21,15.60688866,72.52612968,67.9358683,0,0,0,77.11639105,0,20.19715004,0,11.93467957,91.80522744,0
2020-11-22,22.19658572,28.03779249,35.04724062,0,0,0,30.3742752,0,14.01889625,116.8241354,0,110.9829286,0
2020-11-23,63.45604316,156.3738206,174.5041187,81.58634121,0,0,56.65718139,0,79.32005395,0,6.798861767,226.6287256,0
2020-11-24,69.89389464,101.2954995,0,58.7513897,0,0,80.02344458,0,23.29796488,0,10.12954995,40.51819979,0
2020-11-25,16.99424783,25.78437602,58.60085459,22.85433329,38.09055548,0,0,0,14.65021365,0,8.204119642,14.65021365,0
2020-11-26,18.16619246,36.33238492,27.24928869,0,0,0,18.16619246,908.3096229,18.16619246,0,0,63.5816736,0
2020-11-27,28.72284034,30.85045814,32.97807594,0,106.3808901,0,65.95615188,0,21.27617803,0,15.95713352,85.10471211,0
2020-11-28,34.27993223,47.01247849,32.32107896,97.94266351,55.8273182,0,21.54738597,0,18.60910607,0,0,63.66273128,0
2020-11-29,28.75338256,87.13146229,23.52549482,47.05098964,0,0,64.4772821,0,37.46652879,0,8.713146229,0,0
2020-11-30,18.8471571,31.1387813,33.59710614,0,0,0,44.24984711,0,18.8471571,0,10.65274097,81.94416131,0
2020-12-01,19.66361573,58.99084718,49.15903932,0,88.48627077,983.1807864,39.32723145,0,29.49542359,0,9.831807864,29.49542359,0
2020-12-02,22.10724366,46.22423675,0,140.6824597,120.5849654,0,200.9749424,0,52.25348502,0,18.08774481,48.23398617,0
2020-12-03,49.4582328,31.15868666,18.29954613,0,0,0,26.21286338,0,16.81579915,0,0,0,0
2020-12-04,17.66283578,24.31839709,0,19.45471767,0,0,13.82308887,0,13.82308887,0,0,25.59831273,0
2020-12-05,29.057997,38.743996,0,62.51872082,0,0,43.14672282,0,32.58017846,0,5.283272182,88.05453637,0
2020-12-06,31.78793253,31.78793253,26.60511744,0,0,0,0,0,31.44241152,0,13.12979822,34.55210058,0
2020-12-07,32.0784013,72.90545751,0,0,0,0,0,0,29.89123758,0,4.374327451,37.9108379,0
2020-12-08,17.03176005,10.4513073,15.09633277,0,0,0,0,0,11.22547821,0,7.354623657,38.70854556,0
2020-12-09,22.02083838,14.68055892,0,33.03125757,0,0,25.69097811,0,7.340279459,0,0,0,367.013973
2020-12-10,12.99829627,12.82264362,8.782632617,17.56526523,0,0,12.29568566,0,8.080022008,0,4.391316309,0,0
2020-12-11,20.15569473,32.82498855,0,0,57.58769922,0,24.18683367,0,14.3969248,0,2.879384961,21.8833257,0
2020-12-12,10.40187224,15.60280837,18.20327643,19.07009911,0,0,25.13785792,0,7.801404183,86.6822687,0,23.40421255,0
2020-12-13,7.225300804,18.06325201,12.38622995,0,0,0,51.60929146,0,8.257486633,0,2.064371658,15.99888035,0
2020-12-14,38.20913023,18.72247381,25.98220855,0,0,0,37.06285632,0,30.18521288,0,8.40600865,0,0
2020-12-15,17.9455698,15.02419797,0,41.73388326,0,0,0,0,19.1975863,0,3.33871066,26.29234645,0
2020-12-16,13.37672079,25.23909582,0,0,0,0,0,0,6.309773956,0,0,0,0
2020-12-17,20.08696989,33.0463053,46.65360748,0,0,0,64.79667705,0,30.45443821,0,3.887800623,59.61294289,0
2020-12-18,12.90725668,18.5191074,0,18.70616909,0,0,0,0,5.98597411,0,1.496493528,0,0
2020-12-19,16.51927451,25.5782315,28.24263061,0,0,0,0,0,11.7233561,0,6.927437698,53.28798229,0
2020-12-20,0,6.94427711,20.13840362,0,34.72138555,0,28.1243223,0,8.680346387,0,3.472138555,0,0
2020-12-21,12.86939883,18.12591385,11.23806658,0,0,0,0,0,5.437774154,0,5.256515015,14.1382128,0
2020-12-22,9.627098171,4.749368431,6.674788065,12.8361309,0,0,0,0,10.52562733,0,0,0,0
2020-12-23,14.61450504,30.20331042,25.33180874,0,0,0,36.04911244,0,30.20331042,0,3.897201345,97.43003362,0
2020-12-24,18.17845326,37.28913489,31.22965047,0,0,0,46.61141862,0,17.71233907,0,5.593370234,0,0
2020-12-25,0,9.192197578,0,0,0,0,30.64065859,0,11.94985685,0,0,0,0
2020-12-26,12.6374033,30.82293488,0,0,0,0,0,0,16.33615548,0,11.09625656,27.74064139,0
2020-12-27,16.16961188,19.24953795,13.85966732,0,0,0,38.4990759,0,11.54972277,0,7.31482442,0,0
2020-12-28,12.14236524,9.630151743,41.87022497,26.37824173,0,0,0,0,15.91068549,0,4.605724746,17.58549449,0
2020-12-29,3.041884158,12.16753663,9.125652473,0,0,0,12.16753663,0,9.125652473,0,0,9.125652473,304.1884158
2020-12-30,19.76031814,2.568841358,11.85619088,0,0,0,15.41304815,0,8.101730438,0,3.754460447,14.22742906,0
2020-12-31,18.63265587,18.63265587,31.05442646,0,0,621.0885292,18.63265587,0,18.63265587,0,6.210885292,0,0
2021-01-01,24.49528952,15.1870795,0,0,0,0,0,0,12.73755055,0,7.593539751,0,0
2021-01-02,16.99380369,13.21740287,19.51140424,0,62.94001367,0,25.8054056,0,17.62320383,0,3.147000683,0,0
2021-01-03,23.74975254,14.76335969,0,41.08065304,64.18852037,0,0,0,25.03352294,0,3.209426019,25.67540815,0
2021-01-04,16.98133612,6.992314875,15.982434,0,99.8902125,0,0,0,13.98462975,0,2.996706375,39.956085,0
2021-01-05,4.314949855,14.38316618,15.02241801,0,0,0,0,0,15.98129576,0,7.511209007,0,0
2021-01-06,46.61444315,14.72035047,81.77972482,36.80087617,0,0,57.24580738,0,17.17374221,0,3.271188993,0,0
2021-01-07,6.9022317,23.6647944,49.301655,0,0,0,33.5251254,0,17.7485958,0,7.888264799,32.04607575,0
2021-01-08,4.119377043,5.703752829,4.911564936,0,15.84375786,0,0,0,5.54531525,0,0.792187893,0,0
2021-01-09,30.61791988,12.39296757,0,0,0,0,72.89980923,0,64.15183212,0,8.747977107,67.79682258,0
2021-01-10,31.97460135,33.65747511,0,0,0,0,0,0,15.1458638,168.2873755,5.048621266,0,0
2021-01-11,10.34586051,8.276688405,8.75418966,15.91670847,0,0,11.77836427,0,7.799187151,0,0,0,0
2021-01-12,12.47003252,13.1826058,13.89517909,26.00892496,0,0,18.52690545,0,16.38918559,0,6.769446224,35.62866434,0
2021-01-13,21.31645723,17.50994701,23.60036336,0,76.13020438,0,33.49728993,0,22.07775927,0,3.806510219,30.45208175,0
2021-01-14,4.878500351,12.19625088,16.46493868,60.98125438,0,0,45.73594079,0,15.85512614,0,0,40.85744044,0
2021-01-15,40.86181377,33.75541138,33.75541138,65.73422216,0,0,0,0,39.08521317,0,5.329801796,177.6600599,0
2021-01-16,9.505103398,46.25816987,0,63.36735599,0,0,0,0,29.14898375,0,5.069388479,42.45612851,0
2021-01-17,9.136581631,2.368743386,10.82854119,18.94994709,33.83919123,0,0,0,10.49014928,0,1.691959561,13.53567649,0
2021-01-18,16.83033598,25.24550397,37.02673916,33.66067196,0,0,23.56247037,0,13.46426879,168.3033598,8.415167991,69.00437753,0
2021-01-19,0,8.360206482,26.12564526,0,0,0,11.49528391,0,9.143975839,0,0,10.97277101,0
2021-01-20,64.29466347,34.71911827,37.29090481,0,0,0,0,0,29.5755452,0,5.786519712,44.36331779,0
2021-01-21,15.77704923,15.77704923,0,21.41170967,0,0,14.65011714,0,9.015456704,112.6932088,0,13.52318506,0
2021-01-22,4.999796396,38.45997228,35.3831745,33.46017588,0,0,0,0,22.69138364,0,5.768995842,22.69138364,0
2021-01-23,11.40254277,7.126589231,0,0,0,0,12.95743497,0,10.49552232,0,1.684466546,12.05041452,0
2021-01-24,9.914357226,11.60190739,16.66455789,0,0,0,0,0,9.914357226,0,10.96907608,21.09437708,0
2021-01-25,33.7132434,21.91360821,23.59927038,0,0,0,31.6904488,0,25.95919742,0,7.416913548,29.66765419,0
2021-01-26,10.82581446,7.118343755,14.82988282,0,0,0,0,0,7.266642583,0,4.893861332,9.342826179,0
2021-01-27,16.29356779,13.13997402,0,26.27994805,0,0,0,0,11.30037766,0,6.832786492,0,0
2021-01-28,17.27469051,27.99691221,29.78394916,29.18827018,0,0,20.55092492,0,25.91203577,0,7.148147798,19.06172746,0
2021-01-29,4.499124765,17.99649906,33.49348436,28.49445685,49.99027517,0,0,0,14.4971798,0,9.998055034,19.99611007,0
2021-01-30,9.368541361,72.60619555,72.60619555,210.7921806,234.213534,0,46.8427068,0,30.44775942,0,16.39494738,44.50057146,0
2021-01-31,20.95385942,33.23715632,72.25468766,0,0,0,0,0,21.6764063,0,3.612734383,0,0
2021-02-01,27.19537477,35.31866853,19.072081,0,0,0,0,0,25.78262803,0,12.0083473,0,0
2021-02-02,4.351204355,16.43788312,8.218941559,0,48.34671505,0,0,0,7.735474408,0,0,0,0
2021-02-03,0,18.84814431,19.63348365,0,0,0,0,0,11.19108568,0,6.282714769,0,0
2021-02-04,5.759191742,14.80935019,0,82.27416774,67.46481755,0,55.94643406,0,37.02337548,0,6.581933419,80.62868439,0
2021-02-05,0,21.08576533,19.07759721,19.57963924,0,0,12.80207181,0,16.31636603,0,4.769399301,25.10210159,0
2021-02-06,8.325296027,16.65059205,0,0,0,0,16.65059205,832.5296027,8.325296027,0,8.325296027,16.65059205,0
2021-02-07,5.016002497,10.03200499,0,0,0,0,0,0,6.019202997,50.16002497,2.006400999,14.54640724,0
2021-02-08,16.8314626,27.0767007,0,0,0,0,73.18027215,0,32.19931975,0,9.51343538,0,0
2021-02-09,43.10941431,21.55470715,0,0,0,0,0,0,34.91862559,0,4.742035574,0,0
2021-02-10,34.4827006,16.16376591,0,0,53.87921969,0,23.16806447,0,15.08618151,0,2.693960985,21.55168788,0
2021-02-11,17.17286984,11.44857989,12.59343788,0,0,0,16.02801185,0,6.869147934,114.4857989,5.724289945,14.88315386,0
2021-02-12,9.654107128,32.18035709,33.25303566,0,107.267857,0,0,0,33.25303566,0,10.7267857,0,0
2021-02-13,38.683569,6.189371041,0,0,0,0,35.58888348,0,29.01267675,0,8.897220871,0,0
2021-02-14,10.05587946,28.73108417,17.52596135,0,0,0,0,0,27.86915165,0,2.873108417,22.12293481,0
2021-02-15,5.579978488,13.25244891,0,0,0,0,0,0,23.24991037,0,0,0,0
2021-02-16,9.39105877,10.50525218,0,0,0,0,0,0,15.91704876,0,5.252626092,14.48451437,0
2021-02-17,5.152018087,8.405924247,27.11588467,0,0,0,0,0,10.30403617,0,0,0,0
2021-02-18,26.98534687,0,0,25.84512095,38.00753081,0,17.86353948,0,12.92256047,0,6.461280237,17.10338886,0
2021-02-19,34.46321717,18.38038249,19.91208103,0,0,0,0,0,19.91208103,0,6.126794164,76.58492705,0
2021-02-20,18.91291069,14.18468302,31.52151781,0,0,0,20.48898658,0,15.76075891,157.6075891,4.728227672,0,0
2021-02-21,9.456379845,15.01012674,0,0,0,0,14.2596204,0,11.70789886,0,0,14.10951913,0
2021-02-22,24.31815155,9.970442135,0,0,0,0,0,0,20.18406578,0,9.970442135,0,0
2021-02-23,3.347137634,11.25855386,0,23.42996344,0,0,30.42852395,0,10.64998338,0,7.607130987,0,0
2021-02-24,8.177941856,16.35588371,28.6227965,0,81.77941856,0,0,0,17.99147208,0,4.088970928,17.99147208,0
2021-02-25,0,32.01073228,0,0,0,0,0,0,15.14021121,0,8.651549265,43.25774633,0
2021-02-26,10.61045375,8.415187457,36.58777155,0,0,0,0,0,7.683432026,0,1.829388578,0,0
2021-02-27,8.207595692,41.03797846,0,57.45316985,82.07595692,0,0,0,9.849114831,0,9.028355261,70.58532295,0
2021-02-28,9.985739347,9.985739347,17.05897138,16.64289891,0,0,21.63576859,0,8.321449456,0,1.248217418,41.60724728,0
2021-03-01,8.447942353,4.472440069,19.13210474,0,0,0,24.84688927,0,6.957128996,0,1.490813356,12.17497574,0
2021-03-02,21.78651353,8.932470547,19.60786218,0,0,0,0,0,17.21134569,0,3.050111894,0,0
2021-03-03,14.25524087,0,0,0,0,0,31.67831305,0,21.54125287,0,3.801397566,0,0
2021-03-04,7.720303707,0,18.63521584,0,26.62173692,0,0,0,4.259477907,0,0,0,0
2021-03-05,9.277123112,3.975909905,15.90363962,0,0,0,0,0,15.90363962,132.5303302,2.650606604,39.75909905,0
2021-03-06,9.224349086,11.27420444,51.24638381,0,0,0,0,0,16.39884282,0,5.124638381,21.01101736,0
2021-03-07,5.020353251,16.0651304,0,0,50.20353251,0,0,0,17.57123638,0,0,23.09362495,0
2021-03-08,17.17041393,10.6144377,31.21893441,28.09704097,0,0,0,0,14.67289917,0,2.497514753,0,0
2021-03-09,5.644064992,4.515251994,0,37.62709995,0,0,0,0,15.05083998,0,12.41694298,0,0
2021-03-10,3.614845983,11.87735109,12.91016422,51.6406569,0,0,0,0,10.84453795,0,6.196878828,0,0
2021-03-11,3.997504806,0,7.106675211,0,0,0,0,0,4.530505447,0,0,8.883344013,0
2021-03-12,3.246160567,2.596928454,0,0,32.46160567,0,0,0,5.518472964,0,3.570776624,0,0
2021-03-13,11.34683558,4.862929534,0,0,0,0,0,0,9.725859069,162.0976511,6.483906046,25.93562418,0
2021-03-14,4.581970431,0,16.36418011,0,0,0,0,0,10.30943347,0,2.454627016,0,0
2021-03-15,8.542305775,7.207570498,0,26.69470555,0,0,18.41934683,0,9.343146942,0,6.673676387,18.95324094,0
2021-03-16,4.201436946,8.402873892,0,30.81053761,0,0,0,0,11.20383186,140.0478982,5.601915928,19.60670575,0
2021-03-17,9.233754126,5.817265099,0,0,0,0,0,0,3.231813944,0,1.292725578,0,0
2021-03-18,20.77445338,17.24279631,0,0,0,0,0,0,15.16535097,0,3.739401609,0,0
2021-03-19,43.80953358,35.4857222,0,0,0,0,0,0,15.77143209,0,7.885716044,0,0
2021-03-20,6.813674837,9.733821196,23.36117087,0,0,0,0,0,8.760439077,97.33821196,5.840292718,13.62734967,0
2021-03-21,5.351757955,12.99712646,19.11342127,0,0,0,0,0,11.46805276,0,6.307429018,0,0
2021-03-22,28.91302942,36.14128678,26.38313935,0,0,0,0,0,27.46737795,0,3.975541546,0,0
2021-03-23,6.060762988,5.050635824,0,0,0,0,0,0,10.35380344,0,0,25.25317912,0
2021-03-24,8.448621308,14.59307317,0,0,0,0,0,0,13.82501669,0,4.608338895,76.80564826,0
2021-03-25,9.109401895,11.30822304,15.70586534,0,0,0,0,0,11.4652817,0,0,0,0
2021-03-26,9.779270752,10.78596039,0,0,0,0,14.38128052,0,10.78596039,0,0,13.66221649,0
2021-03-27,23.00974948,18.24911166,79.34396373,73.78988627,0,0,0,0,29.35726658,0,6.347517099,0,0
2021-03-28,9.500980113,7.341666451,0,43.18627324,0,0,0,0,7.341666451,0,6.909803719,0,0
2021-03-29,19.47479277,5.274423041,0,40.57248493,0,0,29.21218915,0,18.66334307,0,3.651523644,27.9950146,0
2021-03-30,5.970707641,2.985353821,8.956061462,0,0,298.5353821,0,0,5.970707641,0,0,0,0
2021-03-31,0,25.30792395,0,42.17987326,0,0,0,0,15.18475437,0,13.49755944,26.57332015,0
2021-04-01,10.70660135,16.72906461,12.71408911,0,0,0,0,0,13.0486704,0,3.680394215,0,0
2021-04-02,19.06279301,25.05395653,0,0,0,0,54.46512289,0,12.52697827,0,6.535814747,0,0
2021-04-03,26.01696355,14.52895367,26.35484619,0,0,0,0,0,22.30025447,0,6.081887582,33.78826435,0
2021-04-04,9.961921947,19.92384389,38.03642925,0,0,0,0,0,22.6407317,0,0,90.56292679,0
2021-04-05,10.29552618,19.56149975,33.97523641,0,0,0,0,0,19.56149975,102.9552618,7.206868329,15.44328928,0
2021-04-06,19.98292916,19.49554064,24.3694258,0,0,0,14.86534974,0,13.15948993,0,9.016687546,15.59643251,0
2021-04-07,38.87188629,20.99081859,0,0,0,0,0,0,20.99081859,0,3.498469766,0,0
2021-04-08,11.87532549,9.754731652,42.41187675,0,40.71540168,0,0,0,10.17885042,0,6.361781512,17.81298823,0
2021-04-09,23.50436397,4.052476546,0,33.23030768,0,0,21.88337335,0,19.45188742,0,0,81.04953093,0
2021-04-10,2.0035569,3.434668971,8.014227599,16.31467761,0,0,0,0,4.007113799,0,2.576001728,28.62224142,0
2021-04-11,0,20.12670589,16.9819081,0,0,0,0,0,6.918555151,0,11.32127206,62.89595591,0
2021-04-12,15.42192997,17.43348606,67.05186944,0,0,0,22.79763561,0,16.76296736,0,8.716743028,22.12711692,0
2021-04-13,7.092407776,23.34584226,0,0,0,0,0,0,19.50412138,0,7.683441757,29.55169907,0
2021-04-14,5.402970911,5.402970911,10.80594182,16.20891273,0,0,0,540.2970911,10.80594182,0,0,0,280.9544874
2021-04-15,23.57824109,5.23960913,26.19804565,0,0,0,0,0,15.71882739,261.9804565,5.23960913,34.05745935,0
2021-04-16,11.83724972,28.87134078,0,0,0,0,17.32280447,0,8.08397542,0,4.04198771,17.03409106,0
2021-04-17,0,8.819077513,38.34381527,0,0,0,0,0,33.74255744,0,5.751572291,0,0
2021-04-18,23.43951795,10.3133879,0,0,0,0,17.1108481,0,11.25096862,0,6.563065026,0,0
2021-04-19,1.341276443,3.129645035,4.470921478,8.494750808,0,0,0,0,2.682552887,44.70921478,0.894184296,0,0
2021-04-20,11.41837011,7.374364028,10.22895656,0,0,0,0,0,11.89413553,0,0,0,0
2021-04-21,12.63555125,3.429649625,0,0,0,0,0,0,8.664377999,0,0,18.0507875,0
2021-04-22,0,11.80443299,0,0,0,0,57.54661085,0,13.27998712,147.5554124,4.426662373,0,0
2021-04-23,4.427653997,3.935692442,49.19615552,30.00965487,0,0,19.67846221,0,15.25080821,0,2.459807776,0,0
2021-04-24,17.61141954,21.2975306,31.94629591,0,0,0,40.95678962,0,23.75493798,0,5.324382651,0,0
2021-04-25,5.855931979,9.62975481,0,0,0,0,0,0,9.239359345,0,4.814877405,13.01318218,0
2021-04-26,21.97132487,5.99217951,0,0,0,0,31.292493,0,20.63972942,0,11.98435902,66.57977234,0
2021-04-27,15.20842203,31.73931553,0,48.93144478,0,0,0,0,25.12695813,0,3.967414442,66.12357403,0
2021-04-28,7.918929306,15.83785861,11.87839396,0,0,0,15.83785861,0,3.959464653,0,3.959464653,0,395.9464653
2021-04-29,20.9199858,5.838135572,48.65112976,0,0,0,0,0,7.784180762,0,7.784180762,0,0
2021-04-30,22.30187888,9.352400821,0,35.97077239,0,0,24.46012522,0,4.676200411,0,0,25.17954067,0
2021-05-01,35.29670339,17.6483517,0,0,0,0,30.35516492,0,22.23692314,0,7.765274747,0,0
2021-05-02,3.720216376,3.188756894,26.57297412,0,0,0,0,0,6.377513788,0,0,16.20951421,0
2021-05-03,9.442997936,6.326808617,0,0,0,0,0,0,4.060489112,0,0,8.593128121,0
2021-05-04,12.83894468,11.41239527,47.55164697,0,0,0,0,0,5.706197636,0,3.804131758,0,0
2021-05-05,3.823433676,10.0365134,0,0,0,0,0,0,11.94823024,0,0,0,0
2021-05-06,11.75010539,9.880770439,0,0,0,0,0,0,6.409148393,0,3.204574196,26.70478497,0
2021-05-07,12.75973623,5.468458385,0,45.57048654,0,0,0,0,16.86108002,0,0,0,0
2021-05-08,7.564146547,30.25658619,14.22059551,26.32322998,0,0,0,0,7.866712409,0,6.959014823,0,0
2021-05-09,13.16156367,6.844013108,9.476325842,0,0,0,0,0,7.633706928,0,0,12.50348549,0
2021-05-10,3.148121947,2.575736138,11.16152327,0,0,0,0,0,6.010050989,0,3.434314851,28.61929042,0
2021-05-11,8.817685654,5.819672532,8.200447659,0,0,0,0,0,4.320665971,0,1.234475992,0,0
2021-05-12,0,20.20819512,0,0,0,0,51.81588492,0,30.5713721,0,13.47213008,0,0
2021-05-13,3.112223057,0,11.52675206,0,0,0,0,0,2.305350412,0,4.495433304,0,0
2021-05-14,9.338282468,3.857116672,0,0,0,0,20.30061406,0,7.917239484,0,0,0,0
2021-05-15,5.563261897,4.489649952,0,0,0,0,0,0,6.44167167,0,9.760108591,0,0
2021-05-16,25.58124921,4.354255184,17.41702074,0,54.4281898,0,0,0,11.42991986,0,0,0,0
2021-05-17,8.639204391,18.28296743,0,0,0,0,19.48843781,0,11.25105688,0,5.022793251,20.091173,0
2021-05-18,10.2063591,5.919688276,0,0,0,0,0,0,7.042387777,0,0,0,0
2021-05-19,9.097226766,7.797622942,0,0,0,0,0,0,13.42923951,0,5.198415295,43.32012745,0
2021-05-20,0,8.907191474,0,0,0,0,0,0,3.56287659,0,0,0,0
2021-05-21,16.19080203,4.047700507,18.21465228,38.45315482,0,0,0,0,8.095401014,202.3850253,0,0,0
2021-05-22,0,8.391288453,32.36639832,0,0,0,39.95851644,0,17.18216207,0,5.594192302,0,0
2021-05-23,0,0,0,0,0,0,0,0,10.02939522,0,0,0,0
2021-05-24,5.979715411,1.674320315,0,0,0,0,0,0,4.305395096,0,2.391886165,0,0
2021-05-25,24.21773446,15.25717271,0,0,0,0,0,0,7.265320338,0,3.390482825,0,0
2021-05-26,3.648597269,11.76966861,0,0,0,0,0,0,7.767981283,0,0,0,0
2021-05-27,8.251899911,6.458008626,13.99235202,26.19081276,0,0,0,0,10.40456945,0,2.152669542,35.8778257,0
2021-05-28,0,12.20565714,0,0,0,0,0,0,5.183224265,0,4.180019568,16.72007827,0
2021-05-29,5.826678996,1.631470119,0,0,23.30671599,0,7.924283435,0,3.962141718,0,1.165335799,8.623484915,0
2021-05-30,50.89295994,10.01172983,83.43108188,0,0,0,0,0,20.85777047,0,6.67448655,0,0
2021-05-31,7.645398528,12.29911937,0,0,0,0,0,0,5.152333791,0,0,16.62043158,0