date,temp_mean,temp_min,temp_max
2016-01-01,-3.5,-5.0,-1.9
2016-01-02,-3.1,-4.7,-1.4
2016-01-03,-5.7,-11.3,-0.1
2016-01-04,-15.5,-19.7,-11.3
2016-01-05,-12.4,-20.2,-4.5
2016-01-06,-4.7,-9.2,-0.1
2016-01-07,-3.4,-10.0,3.2
2016-01-08,-1.9,-6.8,3.1
2016-01-09,3.8,2.0,5.6
2016-01-10,-1.7,-8.5,5.1
2016-01-11,-10.3,-12.3,-8.3
2016-01-12,-8.0,-11.9,-4.1
2016-01-13,-10.4,-11.1,-9.6
2016-01-14,-7.2,-10.2,-4.1
2016-01-15,-0.1,-4.1,3.9
2016-01-16,-1.4,-4.7,2.0
2016-01-17,,-7.3,
2016-01-18,-11.7,-13.6,-9.7
2016-01-19,-11.2,-16.2,-6.2
2016-01-20,-10.0,-13.8,-6.1
2016-01-21,-7.4,-10.3,-4.4
2016-01-22,,-17.6,
2016-01-23,-9.3,-13.1,-5.5
2016-01-24,-6.5,-11.0,-2.0
2016-01-25,0.1,-3.1,3.2
2016-01-26,2.1,-0.8,4.9
2016-01-27,-2.7,-4.6,-0.8
2016-01-28,-1.8,-3.5,0.0
2016-01-29,-6.6,-11.0,-2.1
2016-01-30,-2.3,-7.9,3.4
2016-01-31,2.1,-4.8,9.0
2016-02-01,1.5,-2.7,5.7
2016-02-02,-2.1,-5.6,1.5
2016-02-03,7.3,0.5,14.1
2016-02-04,-0.2,-2.7,2.4
2016-02-05,-1.7,-3.5,0.2
2016-02-06,-0.5,-2.9,1.9
2016-02-07,0.6,-4.0,5.1
2016-02-08,1.5,-1.3,4.3
2016-02-09,-1.6,-3.5,0.3
2016-02-10,-9.0,-14.5,-3.5
2016-02-11,-14.3,-16.8,-11.8
2016-02-12,-11.3,-15.8,-6.7
2016-02-13,-20.3,-24.8,-15.8
2016-02-14,-19.4,-27.1,-11.6
2016-02-15,-8.8,-15.6,-2.0
2016-02-16,-2.5,-3.7,-1.2
2016-02-17,-8.1,-13.6,-2.6
2016-02-18,-13.5,-22.0,-4.9
2016-02-19,0.7,-7.8,9.1
2016-02-20,4.4,-1.1,9.8
2016-02-21,1.2,-2.2,4.5
2016-02-22,-2.6,-6.1,1.0
2016-02-23,-3.0,-7.1,1.2
2016-02-24,-1.1,-2.6,0.4
2016-02-25,-4.0,-7.2,-0.8
2016-02-26,-7.8,-11.1,-4.5
2016-02-27,-2.4,-7.8,3.0
2016-02-28,6.2,0.2,12.1
2016-02-29,0.4,-7.7,8.5
2016-03-01,-9.5,-11.6,-7.4
2016-03-02,-9.1,-11.3,-6.8
2016-03-03,-7.2,-10.9,-3.4
2016-03-04,-4.7,-8.4,-0.9
2016-03-05,-6.6,-11.3,-1.8
2016-03-06,-6.4,-14.2,1.5
2016-03-07,5.5,-0.4,11.4
2016-03-08,8.5,0.2,16.7
2016-03-09,13.6,9.6,17.5
2016-03-10,7.7,2.3,13.0
2016-03-11,2.8,-3.2,8.7
2016-03-12,6.2,-3.1,15.4
2016-03-13,3.6,-0.1,7.2
2016-03-14,6.1,2.3,9.8
2016-03-15,6.1,4.0,8.1
2016-03-16,8.2,4.0,12.4
2016-03-17,6.2,1.9,10.4
2016-03-18,0.3,-4.7,5.2
2016-03-19,-3.2,-8.6,2.3
2016-03-20,-2.0,-7.7,3.7
2016-03-21,-1.9,-6.2,2.5
2016-03-22,0.1,-7.1,7.2
2016-03-23,1.1,-1.0,3.2
2016-03-24,-1.5,-2.7,-0.3
2016-03-25,-2.9,-6.5,0.8
2016-03-26,-1.3,-7.9,5.4
2016-03-27,5.4,-4.4,15.2
2016-03-28,4.7,0.5,8.9
2016-03-29,1.1,-4.2,6.3
2016-03-30,5.1,-5.2,15.3
2016-03-31,12.5,10.1,14.8
2016-04-01,5.0,-1.3,11.2
2016-04-02,-1.6,-6.1,3.0
2016-04-03,,,
2016-04-04,-6.6,-9.7,-3.4
2016-04-05,-8.8,-16.7,-0.9
2016-04-06,1.0,-4.9,6.9
2016-04-07,1.8,-3.5,7.1
2016-04-08,-1.6,-5.3,2.1
2016-04-09,-5.2,-8.3,-2.1
2016-04-10,-5.1,-10.3,0.1
2016-04-11,4.0,-1.2,9.2
2016-04-12,-0.9,-5.8,4.1
2016-04-13,0.6,-6.5,7.6
2016-04-14,2.2,-4.2,8.6
2016-04-15,7.6,0.4,14.8
2016-04-16,10.1,1.7,18.4
2016-04-17,11.8,0.5,23.1
2016-04-18,13.3,2.3,24.2
2016-04-19,8.0,0.7,15.2
2016-04-20,7.2,-1.0,15.4
2016-04-21,9.7,3.7,15.6
2016-04-22,10.2,3.2,17.1
2016-04-23,,0.5,
2016-04-24,6.0,-1.8,13.8
2016-04-25,5.8,3.3,8.2
2016-04-26,,,4.5
2016-04-27,4.2,-4.0,12.3
2016-04-28,2.6,-2.1,7.3
2016-04-29,5.3,-0.6,11.2
2016-04-30,5.5,-2.0,13.0
2016-05-01,7.3,5.6,8.9
2016-05-02,7.0,1.3,12.7
2016-05-03,7.5,1.0,14.0
2016-05-04,7.9,0.3,15.5
2016-05-05,9.9,3.6,16.2
2016-05-06,12.9,4.9,20.8
2016-05-07,10.0,1.8,18.2
2016-05-08,6.7,0.1,13.2
2016-05-09,6.3,-1.6,14.1
2016-05-10,7.6,-0.1,15.2
2016-05-11,10.2,0.7,19.6
2016-05-12,15.4,6.5,24.3
2016-05-13,14.8,11.5,18.1
2016-05-14,6.4,1.1,11.7
2016-05-15,2.7,-0.3,5.6
2016-05-16,8.2,-0.6,16.9
2016-05-17,9.7,2.7,16.7
2016-05-18,9.4,2.0,16.7
2016-05-19,10.3,1.9,18.6
2016-05-20,12.2,2.9,21.5
2016-05-21,14.7,7.7,21.7
2016-05-22,14.3,7.7,20.9
2016-05-23,15.0,5.3,24.7
2016-05-24,15.7,4.5,26.8
2016-05-25,18.6,9.7,27.5
2016-05-26,19.5,12.5,26.4
2016-05-27,22.5,16.6,28.3
2016-05-28,22.9,14.9,30.8
2016-05-29,22.2,16.0,28.4
2016-05-30,18.1,11.5,24.7
2016-05-31,16.6,8.6,24.5
2016-06-01,14.2,8.4,20.0
2016-06-02,19.2,10.7,27.6
2016-06-03,17.4,8.7,26.0
2016-06-04,17.6,10.1,25.0
2016-06-05,19.0,15.0,23.0
2016-06-06,18.0,12.2,23.7
2016-06-07,12.8,8.5,17.0
2016-06-08,9.3,5.9,12.6
2016-06-09,11.2,3.9,18.4
2016-06-10,12.6,2.1,23.0
2016-06-11,22.3,14.9,29.6
2016-06-12,14.7,11.0,18.3
2016-06-13,12.6,7.1,18.0
2016-06-14,13.9,3.9,23.8
2016-06-15,15.0,5.9,24.1
2016-06-16,17.4,10.8,24.0
2016-06-17,19.0,8.4,29.6
2016-06-18,19.7,8.8,30.5
2016-06-19,20.8,10.2,31.4
2016-06-20,23.6,15.1,32.0
2016-06-21,16.4,7.9,24.8
2016-06-22,16.4,8.7,24.0
2016-06-23,15.3,6.6,24.0
2016-06-24,16.4,5.9,26.9
2016-06-25,,,29.6
2016-06-26,21.1,11.8,30.3
2016-06-27,24.1,16.8,31.4
2016-06-28,,13.4,
2016-06-29,16.2,7.7,24.6
2016-06-30,16.0,4.7,27.3
2016-07-01,15.8,9.8,21.7
2016-07-02,16.5,9.2,23.7
2016-07-03,17.1,7.7,26.5
2016-07-04,17.7,7.3,28.0
2016-07-05,21.8,13.9,29.6
2016-07-06,22.1,13.2,30.9
2016-07-07,24.3,16.9,31.7
2016-07-08,23.9,18.2,29.5
2016-07-09,19.5,16.2,22.8
2016-07-10,20.2,12.6,27.7
2016-07-11,19.6,11.8,27.4
2016-07-12,23.7,15.3,32.1
2016-07-13,26.8,20.2,33.3
2016-07-14,23.1,17.5,28.7
2016-07-15,18.3,12.8,23.7
2016-07-16,16.9,10.4,23.3
2016-07-17,16.5,7.2,25.7
2016-07-18,19.7,12.0,27.3
2016-07-19,16.7,9.0,24.4
2016-07-20,17.3,7.1,27.5
2016-07-21,21.5,12.1,30.9
2016-07-22,23.7,15.7,31.7
2016-07-23,23.3,15.1,31.5
2016-07-24,20.9,14.3,27.5
2016-07-25,23.9,18.2,29.6
2016-07-26,21.2,13.9,28.4
2016-07-27,21.9,13.0,30.8
2016-07-28,22.7,17.1,28.3
2016-07-29,22.0,17.6,26.4
2016-07-30,20.2,15.4,25.0
2016-07-31,19.0,13.9,24.1
2016-08-01,20.1,13.7,26.4
2016-08-02,21.0,12.9,29.0
2016-08-03,21.0,11.9,30.1
2016-08-04,22.5,13.1,31.8
2016-08-05,25.0,18.7,31.2
2016-08-06,21.7,15.8,27.6
2016-08-07,19.0,10.8,27.2
2016-08-08,18.5,8.9,28.1
2016-08-09,20.0,9.4,30.5
2016-08-10,24.9,16.2,33.5
2016-08-11,23.4,15.1,31.7
2016-08-12,,23.2,
2016-08-13,24.5,20.2,28.8
2016-08-14,21.0,15.4,26.5
2016-08-15,19.9,13.5,26.3
2016-08-16,20.8,16.3,25.3
2016-08-17,,,26.6
2016-08-18,23.1,18.1,28.1
2016-08-19,20.8,13.4,28.2
2016-08-20,24.0,19.5,28.5
2016-08-21,18.5,13.8,23.1
2016-08-22,15.3,9.0,21.6
2016-08-23,17.3,9.0,25.6
2016-08-24,19.5,11.9,27.0
2016-08-25,23.0,19.1,26.9
2016-08-26,20.8,14.7,26.8
2016-08-27,19.1,12.3,25.9
2016-08-28,20.8,14.2,27.4
2016-08-29,19.4,12.5,26.2
2016-08-30,19.0,11.0,27.0
2016-08-31,18.3,10.7,25.8
2016-09-01,15.7,10.1,21.3
2016-09-02,15.1,8.3,21.8
2016-09-03,15.5,7.3,23.6
2016-09-04,15.0,5.2,24.8
2016-09-05,17.7,8.2,27.2
2016-09-06,22.0,13.0,30.9
2016-09-07,25.3,18.4,32.1
2016-09-08,22.7,18.1,27.3
2016-09-09,20.7,15.2,26.2
2016-09-10,20.3,14.1,26.5
2016-09-11,13.6,6.4,20.8
2016-09-12,13.8,4.7,22.9
2016-09-13,16.7,7.3,26.0
2016-09-14,14.0,6.9,21.0
2016-09-15,12.8,5.4,20.1
2016-09-16,14.5,5.3,23.7
2016-09-17,19.2,17.2,21.1
2016-09-18,18.3,11.8,24.8
2016-09-19,18.1,9.6,26.6
2016-09-20,16.9,7.8,25.9
2016-09-21,16.6,6.9,26.2
2016-09-22,18.3,8.7,27.9
2016-09-23,12.9,7.1,18.6
2016-09-24,10.6,3.5,17.7
2016-09-25,10.1,2.0,18.2
2016-09-26,12.9,9.0,16.7
2016-09-27,13.3,6.7,19.9
2016-09-28,14.4,7.7,21.0
2016-09-29,14.0,12.3,15.6
2016-09-30,14.8,11.6,18.0
2016-10-01,12.8,11.5,14.0
2016-10-02,14.8,11.6,18.0
2016-10-03,13.0,8.3,17.7
2016-10-04,14.6,9.5,19.6
2016-10-05,16.2,11.2,21.1
2016-10-06,17.4,10.5,24.2
2016-10-07,16.2,9.6,22.8
2016-10-08,10.9,5.0,16.8
2016-10-09,5.4,-1.7,12.4
2016-10-10,5.1,-3.4,13.6
2016-10-11,7.4,-2.0,16.7
2016-10-12,13.4,3.9,22.9
2016-10-13,7.2,-1.5,15.8
2016-10-14,6.1,-2.3,14.5
2016-10-15,10.1,-0.5,20.6
2016-10-16,17.7,15.4,19.9
2016-10-17,19.3,15.6,22.9
2016-10-18,16.2,8.8,23.6
2016-10-19,12.5,5.5,19.4
2016-10-20,11.4,9.7,13.0
2016-10-21,6.5,3.1,9.9
2016-10-22,4.7,1.8,7.5
2016-10-23,8.5,3.8,13.1
2016-10-24,6.5,3.8,9.1
2016-10-25,1.9,-4.6,8.3
2016-10-26,-1.6,-7.1,4.0
2016-10-27,1.7,-0.2,3.6
2016-10-28,2.9,-4.0,9.8
2016-10-29,12.4,7.0,17.8
2016-10-30,3.4,-2.7,9.4
2016-10-31,2.2,-4.0,8.3
2016-11-01,10.6,0.8,20.3
2016-11-02,14.4,11.2,17.6
2016-11-03,7.4,1.3,13.4
2016-11-04,4.5,-1.9,10.8
2016-11-05,8.1,2.5,13.7
2016-11-06,6.9,-1.2,15.0
2016-11-07,7.3,-3.1,17.6
2016-11-08,7.0,-1.3,15.3
2016-11-09,3.3,-3.1,9.6
2016-11-10,6.0,-3.2,15.1
2016-11-11,3.8,-3.2,10.7
2016-11-12,0.7,-6.7,8.1
2016-11-13,5.8,0.7,10.9
2016-11-14,5.9,-1.3,13.1
2016-11-15,4.7,-3.6,13.0
2016-11-16,4.9,-1.6,11.4
2016-11-17,3.9,-3.9,11.7
2016-11-18,10.0,0.5,19.5
2016-11-19,6.1,-1.1,13.3
2016-11-20,-1.7,-4.1,0.7
2016-11-21,-2.1,-4.3,0.1
2016-11-22,-3.5,-7.6,0.6
2016-11-23,-4.4,-8.9,0.1
2016-11-24,1.7,0.1,3.2
2016-11-25,3.9,1.9,5.8
2016-11-26,2.6,0.4,4.7
2016-11-27,1.8,-3.1,6.6
2016-11-28,2.5,-1.9,6.9
2016-11-29,7.2,1.7,12.7
2016-11-30,7.9,4.8,11.0
2016-12-01,3.6,2.3,4.8
2016-12-02,2.2,0.7,3.6
2016-12-03,1.9,0.7,3.1
2016-12-04,0.5,-0.6,1.6
2016-12-05,0.3,-3.2,3.7
2016-12-06,,-5.3,
2016-12-07,0.1,-1.8,2.0
2016-12-08,-3.3,-5.4,-1.2
2016-12-09,-7.1,-10.2,-3.9
2016-12-10,-5.2,-7.0,-3.3
2016-12-11,-4.5,-8.1,-0.8
2016-12-12,-1.5,-3.6,0.7
2016-12-13,-5.7,-8.6,-2.8
2016-12-14,-10.1,-12.8,-7.3
2016-12-15,-11.9,-13.8,-10.0
2016-12-16,-10.4,-12.6,-8.2
2016-12-17,-5.0,-8.2,-1.7
2016-12-18,-9.0,-14.4,-3.6
2016-12-19,-11.3,-13.3,-9.3
2016-12-20,-6.3,-11.6,-0.9
2016-12-21,-5.4,-9.8,-1.0
2016-12-22,-0.2,-2.7,2.3
2016-12-23,-2.0,-4.7,0.8
2016-12-24,1.2,0.4,1.9
2016-12-25,-0.8,-3.3,1.7
2016-12-26,3.1,-3.3,9.5
2016-12-27,0.4,-4.1,4.8
2016-12-28,-2.9,-4.4,-1.3
2016-12-29,-0.8,-2.0,0.5
2016-12-30,-3.3,-5.0,-1.6
2016-12-31,,-4.8,
2017-01-01,-5.7,-11.5,0.2
2017-01-02,-2.8,-9.4,3.8
2017-01-03,2.0,1.0,3.0
2017-01-04,-4.0,-10.1,2.2
2017-01-05,-10.9,-13.5,-8.2
2017-01-06,-12.9,-15.6,-10.1
2017-01-07,-13.2,-17.4,-9.0
2017-01-08,-12.9,-15.7,-10.1
2017-01-09,-7.9,-11.0,-4.8
2017-01-10,0.7,-4.8,6.1
2017-01-11,3.3,-1.0,7.6
2017-01-12,3.0,-3.3,9.3
2017-01-13,-5.9,-9.1,-2.6
2017-01-14,-6.6,-10.0,-3.1
2017-01-15,-4.9,-9.5,-0.2
2017-01-16,-3.2,-8.4,2.1
2017-01-17,0.4,-0.6,1.3
2017-01-18,1.6,1.1,2.0
2017-01-19,0.5,-1.0,1.9
2017-01-20,0.9,-0.8,2.5
2017-01-21,4.1,1.4,6.7
2017-01-22,2.5,0.5,4.4
2017-01-23,,0.4,
2017-01-24,0.1,-0.6,0.8
2017-01-25,2.3,0.1,4.4
2017-01-26,1.6,-1.2,4.4
2017-01-27,-1.5,-3.1,0.1
2017-01-28,-3.1,-3.7,-2.4
2017-01-29,-8.1,-12.6,-3.6
2017-01-30,-9.5,-13.7,-5.3
2017-01-31,-5.0,-7.8,-2.2
2017-02-01,-2.0,-4.6,0.6
2017-02-02,-6.9,-9.2,-4.6
2017-02-03,-8.9,-10.6,-7.2
2017-02-04,-7.6,-10.8,-4.3
2017-02-05,-3.5,-6.2,-0.7
2017-02-06,-3.8,-7.8,0.2
2017-02-07,2.5,-1.3,6.2
2017-02-08,-3.6,-9.1,2.0
2017-02-09,-8.1,-10.9,-5.2
2017-02-10,-6.2,-9.2,-3.1
2017-02-11,-2.3,-7.6,3.1
2017-02-12,-1.0,-3.5,1.6
2017-02-13,-7.2,-12.5,-1.8
2017-02-14,-4.3,-11.6,3.0
2017-02-15,-3.3,-7.1,0.6
2017-02-16,-7.3,-9.5,-5.0
2017-02-17,-5.9,-12.9,1.2
2017-02-18,2.9,-6.1,11.9
2017-02-19,4.3,-1.6,10.2
2017-02-20,1.5,-4.1,7.0
2017-02-21,2.7,-2.2,7.6
2017-02-22,8.7,2.8,14.6
2017-02-23,8.6,0.3,16.8
2017-02-24,7.3,2.4,12.2
2017-02-25,4.0,-4.3,12.3
2017-02-26,-1.7,-5.5,2.1
2017-02-27,3.7,-0.9,8.3
2017-02-28,3.5,-3.4,10.3
2017-03-01,2.9,-6.7,12.4
2017-03-02,-6.1,-8.5,-3.7
2017-03-03,-8.5,-10.2,-6.8
2017-03-04,-10.4,-13.8,-7.0
2017-03-05,-8.9,-15.4,-2.4
2017-03-06,,,9.5
2017-03-07,8.1,4.4,11.7
2017-03-08,4.2,-0.6,8.9
2017-03-09,-1.6,-4.8,1.7
2017-03-10,-7.2,-11.3,-3.0
2017-03-11,-10.4,-13.0,-7.7
2017-03-12,-12.1,-17.8,-6.3
2017-03-13,-10.4,-13.5,-7.3
2017-03-14,-11.2,-13.1,-9.3
2017-03-15,-7.5,-10.3,-4.7
2017-03-16,-4.2,-8.5,0.2
2017-03-17,-3.0,-11.0,5.1
2017-03-18,-0.5,-1.7,0.8
2017-03-19,2.3,-2.5,7.1
2017-03-20,1.9,-1.6,5.4
2017-03-21,2.0,-6.0,9.9
2017-03-22,-6.6,-10.2,-2.9
2017-03-23,-4.2,-11.6,3.2
2017-03-24,7.7,-0.1,15.4
2017-03-25,1.3,-0.1,2.6
2017-03-26,2.5,-0.3,5.2
2017-03-27,9.0,5.1,12.8
2017-03-28,4.6,-2.5,11.7
2017-03-29,3.4,-4.1,10.9
2017-03-30,0.7,-0.6,2.0
2017-03-31,1.7,0.4,2.9
2017-04-01,4.5,-2.0,10.9
2017-04-02,6.2,-2.5,14.8
2017-04-03,8.4,4.2,12.6
2017-04-04,7.6,3.1,12.0
2017-04-05,7.2,3.3,11.0
2017-04-06,3.4,-0.3,7.0
2017-04-07,1.3,-1.8,4.4
2017-04-08,5.5,-1.3,12.2
2017-04-09,9.7,-0.2,19.5
2017-04-10,16.7,12.7,20.6
2017-04-11,13.0,5.4,20.6
2017-04-12,2.7,-0.5,5.9
2017-04-13,4.6,-2.7,11.8
2017-04-14,7.8,1.2,14.3
2017-04-15,12.5,3.3,21.7
2017-04-16,14.5,8.6,20.4
2017-04-17,5.9,-0.8,12.5
2017-04-18,3.8,-2.6,10.2
2017-04-19,12.0,4.4,19.6
2017-04-20,5.4,3.3,7.5
2017-04-21,6.7,3.9,9.4
2017-04-22,7.0,0.3,13.7
2017-04-23,7.8,-2.7,18.3
2017-04-24,7.2,1.8,12.6
2017-04-25,7.0,4.7,9.3
2017-04-26,12.4,7.7,17.0
2017-04-27,17.1,8.2,26.0
2017-04-28,11.6,7.0,16.2
2017-04-29,9.0,5.9,12.1
2017-04-30,4.7,2.5,6.9
2017-05-01,9.1,3.9,14.2
2017-05-02,6.9,4.2,9.6
2017-05-03,7.3,2.1,12.4
2017-05-04,5.3,2.0,8.5
2017-05-05,6.4,4.6,8.1
2017-05-06,4.8,3.7,5.8
2017-05-07,4.8,1.0,8.5
2017-05-08,3.9,-1.2,8.9
2017-05-09,5.5,-2.0,13.0
2017-05-10,8.4,2.6,14.1
2017-05-11,7.8,2.2,13.4
2017-05-12,7.2,0.9,13.5
2017-05-13,11.8,5.2,18.3
2017-05-14,9.9,5.1,14.6
2017-05-15,11.4,3.6,19.2
2017-05-16,11.2,3.3,19.0
2017-05-17,17.5,7.1,27.9
2017-05-18,,20.3,
2017-05-19,10.4,6.7,14.1
2017-05-20,9.9,5.3,14.5
2017-05-21,11.7,7.9,15.4
2017-05-22,,,
2017-05-23,,,20.5
2017-05-24,16.6,12.3,20.8
2017-05-25,11.6,10.4,12.8
2017-05-26,14.0,10.9,17.1
2017-05-27,15.2,10.3,20.1
2017-05-28,14.7,8.4,20.9
2017-05-29,,15.0,
2017-05-30,15.8,10.3,21.3
2017-05-31,14.8,8.7,20.8
2017-06-01,11.8,6.9,16.7
2017-06-02,12.3,5.2,19.3
2017-06-03,15.8,8.9,22.7
2017-06-04,18.2,11.1,25.3
2017-06-05,13.4,11.0,15.8
2017-06-06,12.6,8.8,16.4
2017-06-07,,,
2017-06-08,14.1,5.0,23.1
2017-06-09,16.8,8.7,24.9
2017-06-10,19.3,10.1,28.5
2017-06-11,24.9,19.5,30.2
2017-06-12,24.1,17.4,30.7
2017-06-13,19.0,13.3,24.7
2017-06-14,17.0,11.6,22.4
2017-06-15,16.5,14.3,18.6
2017-06-16,20.8,12.7,28.9
2017-06-17,22.1,16.8,27.3
2017-06-18,20.9,14.9,26.9
2017-06-19,18.9,13.3,24.4
2017-06-20,16.6,11.5,21.6
2017-06-21,15.5,9.5,21.4
2017-06-22,16.7,8.1,25.2
2017-06-23,19.8,15.5,24.0
2017-06-24,17.1,12.3,21.9
2017-06-25,15.0,10.6,19.3
2017-06-26,13.6,7.9,19.3
2017-06-27,13.7,8.2,19.1
2017-06-28,15.1,7.0,23.1
2017-06-29,20.0,14.1,25.8
2017-06-30,22.6,19.0,26.2
2017-07-01,18.7,14.8,22.6
2017-07-02,18.8,12.0,25.5
2017-07-03,17.3,11.5,23.1
2017-07-04,17.3,9.5,25.0
2017-07-05,17.5,8.9,26.1
2017-07-06,20.1,11.2,28.9
2017-07-07,21.5,15.6,27.3
2017-07-08,16.9,10.9,22.9
2017-07-09,17.3,9.2,25.4
2017-07-10,19.2,15.3,23.0
2017-07-11,20.2,13.1,27.2
2017-07-12,20.9,15.5,26.2
2017-07-13,17.8,14.5,21.0
2017-07-14,20.5,16.2,24.7
2017-07-15,18.9,12.7,25.1
2017-07-16,18.8,13.0,24.5
2017-07-17,20.5,15.7,25.2
2017-07-18,19.7,12.7,26.6
2017-07-19,20.9,12.4,29.3
2017-07-20,18.9,11.7,26.1
2017-07-21,21.9,15.5,28.2
2017-07-22,19.4,16.7,22.1
2017-07-23,21.1,17.7,24.5
2017-07-24,17.5,14.5,20.5
2017-07-25,17.6,11.0,24.1
2017-07-26,15.9,8.9,22.8
2017-07-27,21.4,16.2,26.5
2017-07-28,16.0,10.4,21.5
2017-07-29,17.8,9.0,26.5
2017-07-30,20.8,13.2,28.4
2017-07-31,21.0,12.4,29.5
2017-08-01,21.0,13.1,28.9
2017-08-02,21.2,13.4,28.9
2017-08-03,20.7,14.0,27.3
2017-08-04,19.8,15.2,24.4
2017-08-05,14.3,8.3,20.2
2017-08-06,15.5,6.5,24.5
2017-08-07,15.3,9.9,20.7
2017-08-08,15.9,6.8,24.9
2017-08-09,19.6,11.3,27.8
2017-08-10,19.2,11.0,27.4
2017-08-11,19.2,14.5,23.9
2017-08-12,18.6,13.9,23.3
2017-08-13,17.5,10.2,24.7
2017-08-14,18.7,12.1,25.2
2017-08-15,18.9,12.7,25.0
2017-08-16,17.9,10.9,24.9
2017-08-17,17.2,13.4,21.0
2017-08-18,20.8,17.6,23.9
2017-08-19,17.5,13.1,21.9
2017-08-20,18.8,10.9,26.7
2017-08-21,20.4,12.2,28.5
2017-08-22,19.3,14.0,24.5
2017-08-23,16.1,11.4,20.8
2017-08-24,13.3,7.3,19.2
2017-08-25,12.5,4.9,20.1
2017-08-26,12.9,4.2,21.6
2017-08-27,12.9,5.1,20.7
2017-08-28,17.6,12.9,22.2
2017-08-29,16.1,9.4,22.8
2017-08-30,16.6,8.4,24.7
2017-08-31,11.2,4.1,18.2
2017-09-01,10.1,2.8,17.4
2017-09-02,11.2,3.2,19.2
2017-09-03,16.8,13.3,20.2
2017-09-04,19.0,13.2,24.7
2017-09-05,14.7,9.8,19.6
2017-09-06,12.1,4.9,19.3
2017-09-07,11.1,5.5,16.7
2017-09-08,11.1,5.1,17.1
2017-09-09,9.7,2.2,17.1
2017-09-10,11.0,1.9,20.0
2017-09-11,12.8,2.0,23.6
2017-09-12,14.7,3.6,25.7
2017-09-13,16.3,5.6,26.9
2017-09-14,19.3,11.7,26.9
2017-09-15,18.3,9.9,26.7
2017-09-16,18.2,9.2,27.2
2017-09-17,19.5,10.2,28.8
2017-09-18,19.9,11.2,28.6
2017-09-19,21.8,16.3,27.3
2017-09-20,20.1,12.6,27.5
2017-09-21,20.1,11.3,28.9
2017-09-22,20.9,12.0,29.8
2017-09-23,21.9,12.7,31.0
2017-09-24,24.0,14.0,33.9
2017-09-25,23.0,14.2,31.7
2017-09-26,23.8,15.0,32.5
2017-09-27,19.7,12.1,27.3
2017-09-28,10.3,3.4,17.2
2017-09-29,11.1,4.1,18.0
2017-09-30,7.3,-0.1,14.7
2017-10-01,8.1,-2.6,18.7
2017-10-02,11.2,1.1,21.2
2017-10-03,14.3,3.2,25.4
2017-10-04,14.9,7.2,22.6
2017-10-05,13.5,6.0,20.9
2017-10-06,16.0,12.3,19.6
2017-10-07,20.5,15.5,25.4
2017-10-08,17.9,13.4,22.4
2017-10-09,16.0,8.6,23.4
2017-10-10,14.7,7.6,21.7
2017-10-11,9.0,5.8,12.1
2017-10-12,9.8,6.1,13.5
2017-10-13,13.1,8.7,17.4
2017-10-14,13.6,9.5,17.6
2017-10-15,18.0,14.1,21.9
2017-10-16,4.0,-1.6,9.6
2017-10-17,8.1,-2.0,18.1
2017-10-18,11.1,2.6,19.6
2017-10-19,10.9,3.4,18.3
2017-10-20,11.8,2.7,20.9
2017-10-21,12.3,3.2,21.4
2017-10-22,,,
2017-10-23,,,
2017-10-24,,,
2017-10-25,,,
2017-10-26,3.4,-3.1,9.9
2017-10-27,7.2,-1.3,15.7
2017-10-28,5.9,1.8,9.9
2017-10-29,4.7,2.4,6.9
2017-10-30,4.6,2.8,6.3
2017-10-31,3.5,1.9,5.0
2017-11-01,3.5,0.9,6.0
2017-11-02,9.3,4.7,13.9
2017-11-03,3.4,-2.4,9.2
2017-11-04,1.1,-3.2,5.4
2017-11-05,10.3,5.0,15.5
2017-11-06,5.2,1.8,8.6
2017-11-07,1.3,-4.6,7.1
2017-11-08,0.2,-6.3,6.6
2017-11-09,0.3,-6.4,6.9
2017-11-10,-9.5,-12.7,-6.2
2017-11-11,-7.6,-13.8,-1.3
2017-11-12,0.6,-1.8,2.9
2017-11-13,2.0,-0.2,4.1
2017-11-14,1.5,-2.8,5.7
2017-11-15,2.5,-1.9,6.9
2017-11-16,,,
2017-11-17,-1.4,-3.7,0.9
2017-11-18,3.8,0.8,6.8
2017-11-19,-0.1,-2.6,2.5
2017-11-20,1.2,-2.9,5.2
2017-11-21,5.1,0.5,9.7
2017-11-22,-1.4,-3.2,0.5
2017-11-23,-0.5,-2.4,1.5
2017-11-24,4.3,-0.9,9.4
2017-11-25,3.9,-0.7,8.4
2017-11-26,0.8,-1.3,2.9
2017-11-27,1.0,-1.3,3.2
2017-11-28,6.9,-1.4,15.1
2017-11-29,1.1,-5.7,7.9
2017-11-30,-0.5,-6.1,5.1
2017-12-01,1.7,-3.4,6.8
2017-12-02,2.1,-3.2,7.4
2017-12-03,0.0,-5.4,5.4
2017-12-04,2.1,-5.3,9.5
2017-12-05,4.4,-1.7,10.5
2017-12-06,-1.3,-3.8,1.3
2017-12-07,-3.5,-4.9,-2.0
2017-12-08,-2.8,-5.2,-0.4
2017-12-09,-2.4,-4.6,-0.1
2017-12-10,-4.2,-5.1,-3.2
2017-12-11,-6.1,-7.6,-4.5
2017-12-12,-8.6,-13.5,-3.7
2017-12-13,-11.6,-13.8,-9.4
2017-12-14,-14.6,-21.2,-7.9
2017-12-15,-9.5,-13.9,-5.0
2017-12-16,-10.1,-15.4,-4.8
2017-12-17,-10.2,-14.2,-6.1
2017-12-18,-1.9,-6.6,2.9
2017-12-19,2.7,1.1,4.2
2017-12-20,-1.6,-4.6,1.4
2017-12-21,-3.5,-4.5,-2.5
2017-12-22,-5.3,-6.8,-3.8
2017-12-23,-3.0,-5.4,-0.6
2017-12-24,-9.8,-15.9,-3.6
2017-12-25,-9.5,-13.7,-5.3
2017-12-26,-16.1,-19.0,-13.2
2017-12-27,-16.9,-22.3,-11.5
2017-12-28,-18.9,-26.1,-11.7
2017-12-29,-14.7,-20.0,-9.3
2017-12-30,-16.1,-24.0,-8.1
2017-12-31,-21.3,-28.7,-13.8
2018-01-01,-18.2,-26.4,-9.9
2018-01-02,-12.9,-16.0,-9.7
2018-01-03,-12.5,-16.2,-8.7
2018-01-04,-15.0,-19.8,-10.1
2018-01-05,-19.5,-21.6,-17.4
2018-01-06,-21.1,-25.0,-17.1
2018-01-07,-13.5,-23.1,-3.8
2018-01-08,-1.6,-3.8,0.7
2018-01-09,-5.8,-11.2,-0.4
2018-01-10,-3.6,-12.9,5.8
2018-01-11,8.3,5.4,11.1
2018-01-12,-0.2,-11.6,11.2
2018-01-13,-16.0,-20.4,-11.5
2018-01-14,-14.5,-21.3,-7.6
2018-01-15,-10.2,-12.3,-8.1
2018-01-16,-9.0,-13.2,-4.8
2018-01-17,-10.2,-13.2,-7.2
2018-01-18,-8.4,-11.1,-5.6
2018-01-19,-3.0,-6.4,0.4
2018-01-20,0.2,-4.1,4.4
2018-01-21,-1.8,-5.3,1.7
2018-01-22,0.8,-0.1,1.6
2018-01-23,-1.4,-6.7,3.9
2018-01-24,-8.8,-11.4,-6.1
2018-01-25,-9.0,-14.3,-3.7
2018-01-26,0.1,-5.9,6.0
2018-01-27,3.8,0.6,7.0
2018-01-28,-1.3,-5.8,3.2
2018-01-29,-6.4,-9.1,-3.7
2018-01-30,-14.6,-20.0,-9.1
2018-01-31,-9.3,-19.4,0.9
2018-02-01,-5.0,-12.5,2.6
2018-02-02,-13.6,-16.5,-10.7
2018-02-03,-7.6,-12.1,-3.0
2018-02-04,-5.6,-11.6,0.4
2018-02-05,-14.0,-18.4,-9.5
2018-02-06,-12.4,-17.4,-7.3
2018-02-07,-11.1,-16.2,-6.0
2018-02-08,-13.4,-18.3,-8.4
2018-02-09,-8.9,-11.1,-6.7
2018-02-10,-6.6,-7.9,-5.2
2018-02-11,-4.4,-7.9,-0.8
2018-02-12,-11.5,-18.0,-4.9
2018-02-13,-13.2,-21.7,-4.7
2018-02-14,-1.7,-7.6,4.2
2018-02-15,3.4,1.1,5.6
2018-02-16,-3.9,-8.9,1.1
2018-02-17,-6.5,-11.1,-1.9
2018-02-18,-1.1,-3.6,1.4
2018-02-19,-0.2,-4.5,4.1
2018-02-20,8.4,3.0,13.8
2018-02-21,4.4,-3.3,12.1
2018-02-22,-1.4,-4.1,1.3
2018-02-23,1.9,-2.0,5.8
2018-02-24,1.0,-0.8,2.8
2018-02-25,4.6,0.0,9.1
2018-02-26,0.4,-4.9,5.7
2018-02-27,3.2,-5.4,11.8
2018-02-28,7.3,0.0,14.6
2018-03-01,0.6,-1.4,2.6
2018-03-02,0.2,-3.4,3.7
2018-03-03,-0.8,-4.9,3.3
2018-03-04,-1.5,-5.2,2.2
2018-03-05,-1.5,-7.4,4.4
2018-03-06,-3.8,-6.4,-1.1
2018-03-07,-0.8,-3.3,1.8
2018-03-08,-3.9,-5.5,-2.3
2018-03-09,-1.5,-3.9,0.9
2018-03-10,-3.1,-6.7,0.6
2018-03-11,-3.6,-7.0,-0.2
2018-03-12,-6.0,-10.4,-1.5
2018-03-13,-5.5,-11.3,0.4
2018-03-14,-4.0,-6.6,-1.4
2018-03-15,-3.0,-9.0,3.1
2018-03-16,-5.8,-8.8,-2.8
2018-03-17,-0.9,-6.4,4.7
2018-03-18,-0.1,-8.4,8.2
2018-03-19,-3.7,-8.7,1.3
2018-03-20,-3.6,-9.4,2.2
2018-03-21,-1.1,-6.2,4.1
2018-03-22,-0.9,-6.1,4.4
2018-03-23,-2.1,-7.5,3.4
2018-03-24,-2.3,-7.3,2.7
2018-03-25,-3.7,-10.1,2.7
2018-03-26,2.4,-3.2,8.0
2018-03-27,4.2,1.5,6.9
2018-03-28,3.4,-1.8,8.5
2018-03-29,2.6,-0.6,5.7
2018-03-30,0.6,-3.2,4.3
2018-03-31,2.0,-3.1,7.1
2018-04-01,-2.0,-5.1,1.2
2018-04-02,-1.0,-7.1,5.1
2018-04-03,2.0,-0.6,4.6
2018-04-04,-0.3,-5.0,4.4
2018-04-05,-3.2,-6.7,0.4
2018-04-06,-1.4,-5.2,2.5
2018-04-07,-4.3,-7.2,-1.3
2018-04-08,-3.5,-7.0,0.1
2018-04-09,-2.5,-7.4,2.5
2018-04-10,-1.1,-6.6,4.5
2018-04-11,-0.3,-3.9,3.3
2018-04-12,6.7,-4.2,17.5
2018-04-13,3.9,0.7,7.0
2018-04-14,-1.5,-5.6,2.6
2018-04-15,-2.6,-5.3,0.1
2018-04-16,0.3,-1.4,1.9
2018-04-17,-2.0,-3.6,-0.3
2018-04-18,0.3,-1.1,1.7
2018-04-19,0.1,-1.7,1.8
2018-04-20,0.7,-3.9,5.3
2018-04-21,2.7,-5.2,10.5
2018-04-22,5.5,-4.4,15.4
2018-04-23,8.4,-1.2,17.9
2018-04-24,9.5,4.3,14.7
2018-04-25,6.2,1.7,10.7
2018-04-26,6.9,0.2,13.5
2018-04-27,7.5,-1.6,16.6
2018-04-28,3.2,-0.4,6.7
2018-04-29,4.7,-0.8,10.1
2018-04-30,,-4.1,
2018-05-01,15.3,3.8,26.7
2018-05-02,20.8,13.8,27.7
2018-05-03,15.3,10.9,19.6
2018-05-04,15.7,6.9,24.4
2018-05-05,15.1,7.1,23.0
2018-05-06,14.5,8.8,20.2
2018-05-07,11.9,5.8,17.9
2018-05-08,12.9,2.6,23.2
2018-05-09,15.5,4.5,26.4
2018-05-10,10.2,2.0,18.4
2018-05-11,7.0,1.9,12.1
2018-05-12,10.5,4.3,16.7
2018-05-13,12.8,4.8,20.8
2018-05-14,14.4,5.9,22.8
2018-05-15,14.7,8.5,20.9
2018-05-16,14.4,4.6,24.2
2018-05-17,17.2,9.0,25.4
2018-05-18,11.8,7.6,16.0
2018-05-19,14.7,8.4,21.0
2018-05-20,12.5,6.4,18.6
2018-05-21,12.9,3.4,22.3
2018-05-22,15.1,11.0,19.2
2018-05-23,16.9,9.5,24.3
2018-05-24,17.5,7.6,27.3
2018-05-25,20.9,12.9,28.9
2018-05-26,21.6,14.8,28.4
2018-05-27,21.4,13.2,29.5
2018-05-28,22.3,14.0,30.6
2018-05-29,21.1,14.5,27.6
2018-05-30,23.8,16.6,30.9
2018-05-31,24.6,20.4,28.8
2018-06-01,20.5,14.4,26.6
2018-06-02,16.3,10.7,21.8
2018-06-03,15.9,10.5,21.3
2018-06-04,13.4,9.3,17.5
2018-06-05,10.7,8.7,12.7
2018-06-06,11.1,6.5,15.6
2018-06-07,16.5,9.9,23.0
2018-06-08,16.2,7.9,24.4
2018-06-09,15.3,8.8,21.7
2018-06-10,14.8,8.4,21.1
2018-06-11,14.1,6.5,21.6
2018-06-12,16.1,5.2,27.0
2018-06-13,20.5,13.7,27.2
2018-06-14,15.7,8.7,22.6
2018-06-15,16.6,7.4,25.7
2018-06-16,18.3,9.5,27.1
2018-06-17,22.7,12.5,32.9
2018-06-18,23.7,16.9,30.4
2018-06-19,19.2,12.5,25.8
2018-06-20,19.0,12.0,26.0
2018-06-21,15.7,8.9,22.4
2018-06-22,15.6,10.0,21.1
2018-06-23,17.4,15.8,19.0
2018-06-24,16.7,13.1,20.3
2018-06-25,15.1,8.0,22.2
2018-06-26,14.2,5.5,22.8
2018-06-27,18.3,14.8,21.8
2018-06-28,22.4,17.7,27.1
2018-06-29,22.1,13.2,31.0
2018-06-30,26.3,19.4,33.1
2018-07-01,25.9,19.6,32.1
2018-07-02,22.4,14.0,30.8
2018-07-03,20.8,12.2,29.3
2018-07-04,22.8,14.1,31.5
2018-07-05,25.5,17.9,33.0
2018-07-06,16.1,9.9,22.2
2018-07-07,16.8,8.3,25.3
2018-07-08,18.8,9.2,28.3
2018-07-09,19.9,9.0,30.7
2018-07-10,21.9,16.2,27.6
2018-07-11,18.4,10.7,26.1
2018-07-12,19.0,9.3,28.7
2018-07-13,22.5,15.3,29.6
2018-07-14,22.0,16.8,27.2
2018-07-15,23.9,16.7,31.0
2018-07-16,25.0,17.4,32.6
2018-07-17,19.1,13.7,24.6
2018-07-18,17.5,10.1,24.8
2018-07-19,17.5,7.7,27.3
2018-07-20,20.5,12.3,28.7
2018-07-21,21.4,18.1,24.7
2018-07-22,18.0,15.2,20.9
2018-07-23,22.2,18.4,26.0
2018-07-24,23.2,18.0,28.3
2018-07-25,20.5,13.3,27.8
2018-07-26,20.2,12.3,28.0
2018-07-27,19.4,14.3,24.5
2018-07-28,15.5,10.6,20.4
2018-07-29,17.6,9.8,25.5
2018-07-30,18.7,11.6,25.8
2018-07-31,19.2,13.8,24.7
2018-08-01,21.9,18.5,25.3
2018-08-02,21.3,15.5,27.0
2018-08-03,21.3,14.4,28.3
2018-08-04,22.2,15.0,29.4
2018-08-05,23.2,14.5,31.9
2018-08-06,25.9,20.3,31.6
2018-08-07,23.6,18.6,28.7
2018-08-08,19.5,13.8,25.3
2018-08-09,20.9,13.9,27.9
2018-08-10,18.7,12.4,25.1
2018-08-11,18.7,10.6,26.9
2018-08-12,20.3,12.9,27.6
2018-08-13,20.1,13.1,27.2
2018-08-14,22.7,15.4,30.0
2018-08-15,22.4,14.3,30.4
2018-08-16,22.1,15.4,28.8
2018-08-17,23.4,19.6,27.2
2018-08-18,19.6,15.2,23.9
2018-08-19,18.7,12.0,25.3
2018-08-20,19.1,13.6,24.7
2018-08-21,21.3,18.4,24.3
2018-08-22,16.7,13.1,20.3
2018-08-23,18.3,11.5,25.2
2018-08-24,17.6,9.6,25.7
2018-08-25,20.8,17.9,23.6
2018-08-26,22.0,17.2,26.9
2018-08-27,22.3,17.1,27.6
2018-08-28,26.6,22.8,30.4
2018-08-29,21.0,15.4,26.5
2018-08-30,14.5,9.2,19.8
2018-08-31,15.9,8.8,23.0
2018-09-01,19.6,10.3,28.9
2018-09-02,25.0,21.5,28.5
2018-09-03,23.3,17.5,29.1
2018-09-04,22.7,16.0,29.3
2018-09-05,24.9,17.8,32.0
2018-09-06,19.2,14.1,24.4
2018-09-07,17.5,12.1,22.9
2018-09-08,11.4,7.3,15.5
2018-09-09,11.7,8.5,14.9
2018-09-10,12.3,10.9,13.8
2018-09-11,16.8,11.9,21.8
2018-09-12,15.8,8.9,22.6
2018-09-13,19.3,13.8,24.7
2018-09-14,21.7,15.7,27.8
2018-09-15,22.2,14.8,29.6
2018-09-16,22.0,15.0,29.0
2018-09-17,20.6,13.8,27.3
2018-09-18,20.0,14.1,26.0
2018-09-19,16.8,10.5,23.2
2018-09-20,13.8,9.5,18.1
2018-09-21,20.2,10.5,29.9
2018-09-22,9.9,3.9,15.9
2018-09-23,10.5,1.0,20.0
2018-09-24,13.7,10.1,17.3
2018-09-25,18.1,15.3,20.9
2018-09-26,14.2,7.0,21.4
2018-09-27,9.9,3.3,16.4
2018-09-28,12.1,3.7,20.5
2018-09-29,10.7,6.7,14.8
2018-09-30,9.2,7.6,10.8
2018-10-01,8.9,6.5,11.3
2018-10-02,11.5,8.1,15.0
2018-10-03,14.2,9.4,19.0
2018-10-04,11.9,1.9,21.9
2018-10-05,5.8,1.0,10.7
2018-10-06,14.5,9.0,20.1
2018-10-07,12.8,10.9,14.7
2018-10-08,12.7,10.4,14.9
2018-10-09,,,
2018-10-10,21.3,17.2,25.4
2018-10-11,13.5,6.4,20.6
2018-10-12,6.7,4.2,9.2
2018-10-13,3.3,-2.0,8.6
2018-10-14,6.0,-2.1,14.2
2018-10-15,6.7,2.5,10.9
2018-10-16,6.4,1.9,10.9
2018-10-17,3.9,0.3,7.5
2018-10-18,2.9,-1.2,7.0
2018-10-19,8.7,3.0,14.5
2018-10-20,5.8,1.7,10.0
2018-10-21,2.2,0.5,3.9
2018-10-22,4.4,-2.6,11.5
2018-10-23,3.0,-2.5,8.6
2018-10-24,1.4,-1.9,4.6
2018-10-25,4.4,0.6,8.1
2018-10-26,3.1,-1.4,7.5
2018-10-27,2.5,0.3,4.6
2018-10-28,2.6,0.2,5.0
2018-10-29,3.7,-0.5,7.9
2018-10-30,3.6,-4.4,11.6
2018-10-31,7.7,2.8,12.7
2018-11-01,5.2,3.4,6.9
2018-11-02,3.6,2.6,4.5
2018-11-03,1.1,-2.9,5.1
2018-11-04,1.1,-4.2,6.3
2018-11-05,7.2,4.1,10.4
2018-11-06,10.6,7.3,14.0
2018-11-07,5.1,2.6,7.5
2018-11-08,2.4,1.3,3.6
2018-11-09,0.7,-0.5,2.0
2018-11-10,-2.2,-4.7,0.3
2018-11-11,-0.8,-3.5,2.0
2018-11-12,2.6,-0.4,5.5
2018-11-13,-2.1,-4.6,0.3
2018-11-14,-3.9,-6.7,-1.1
2018-11-15,-3.7,-6.5,-0.9
2018-11-16,0.5,-0.9,1.8
2018-11-17,-3.3,-8.6,2.0
2018-11-18,-3.2,-6.1,-0.3
2018-11-19,-1.9,-6.3,2.6
2018-11-20,-2.7,-5.1,-0.4
2018-11-21,-8.7,-17.3,0.0
2018-11-22,-13.1,-19.3,-6.9
2018-11-23,,,
2018-11-24,1.0,-3.5,5.4
2018-11-25,3.1,1.0,5.2
2018-11-26,2.2,0.1,4.4
2018-11-27,-0.9,-1.8,0.1
2018-11-28,-0.7,-2.4,1.0
2018-11-29,-1.0,-2.0,0.0
2018-11-30,-1.4,-3.4,0.6
2018-12-01,0.2,-1.4,1.8
2018-12-02,7.2,1.8,12.6
2018-12-03,1.6,-2.4,5.6
2018-12-04,-5.2,-9.4,-1.0
2018-12-05,-5.1,-10.1,0.0
2018-12-06,-3.6,-6.4,-0.8
2018-12-07,-7.2,-8.9,-5.5
2018-12-08,-4.7,-6.6,-2.9
2018-12-09,-5.3,-8.5,-2.2
2018-12-10,-2.5,-4.5,-0.5
2018-12-11,-3.2,-5.0,-1.4
2018-12-12,-0.8,-2.0,0.5
2018-12-13,-0.4,-1.5,0.7
2018-12-14,0.3,-4.2,4.8
2018-12-15,-0.1,-2.5,2.2
2018-12-16,0.0,-1.5,1.4
2018-12-17,-0.5,-2.2,1.2
2018-12-18,-3.9,-7.5,-0.4
2018-12-19,0.1,-4.8,5.0
2018-12-20,0.1,-4.6,4.9
2018-12-21,0.6,-2.2,3.4
2018-12-22,-2.6,-3.4,-1.9
2018-12-23,-1.4,-2.4,-0.4
2018-12-24,-1.8,-3.1,-0.6
2018-12-25,-2.0,-3.3,-0.7
2018-12-26,-2.9,-6.6,0.8
2018-12-27,-2.7,-8.6,3.2
2018-12-28,5.7,1.0,10.3
2018-12-29,-2.5,-6.3,1.3
2018-12-30,-4.1,-7.4,-0.9
2018-12-31,0.0,-8.1,8.0
2019-01-01,-0.5,-9.1,8.1
2019-01-02,-7.2,-12.2,-2.2
2019-01-03,-1.7,-2.4,-0.9
2019-01-04,0.8,-4.4,6.0
2019-01-05,-1.2,-5.1,2.7
2019-01-06,-2.7,-7.7,2.2
2019-01-07,-0.9,-8.3,6.6
2019-01-08,4.1,0.7,7.5
2019-01-09,-3.2,-7.4,0.9
2019-01-10,-9.2,-11.9,-6.4
2019-01-11,-9.9,-13.3,-6.5
2019-01-12,-7.9,-10.7,-5.2
2019-01-13,-9.1,-12.3,-5.9
2019-01-14,-6.9,-9.9,-4.0
2019-01-15,-3.8,-5.3,-2.3
2019-01-16,-9.1,-16.6,-1.5
2019-01-17,-11.8,-17.8,-5.9
2019-01-18,-5.2,-8.5,-2.0
2019-01-19,-12.6,-16.7,-8.5
2019-01-20,-17.9,-20.6,-15.1
2019-01-21,-17.9,-22.8,-13.0
2019-01-22,-12.8,-23.4,-2.2
2019-01-23,1.5,-2.3,5.3
2019-01-24,-2.3,-4.9,0.3
2019-01-25,-9.2,-13.5,-4.9
2019-01-26,-12.7,-16.0,-9.4
2019-01-27,-14.4,-20.4,-8.4
2019-01-28,-15.0,-22.7,-7.2
2019-01-29,-10.0,-17.1,-3.0
2019-01-30,-20.7,-24.3,-17.1
2019-01-31,-20.2,-24.4,-16.0
2019-02-01,-16.6,-21.8,-11.5
2019-02-02,-7.9,-15.9,0.2
2019-02-03,3.2,0.2,6.2
2019-02-04,7.7,3.8,11.6
2019-02-05,1.0,-6.4,8.5
2019-02-06,-4.0,-6.7,-1.2
2019-02-07,2.0,-3.6,7.6
2019-02-08,-3.9,-11.5,3.7
2019-02-09,-9.8,-13.2,-6.4
2019-02-10,-9.0,-12.9,-5.1
2019-02-11,-6.0,-7.1,-5.0
2019-02-12,-3.9,-8.2,0.4
2019-02-13,-3.1,-6.1,-0.1
2019-02-14,-2.6,-6.1,0.8
2019-02-15,-1.6,-6.0,2.8
2019-02-16,-7.9,-12.0,-3.8
2019-02-17,-10.3,-13.9,-6.7
2019-02-18,-12.6,-19.4,-5.9
2019-02-19,-13.1,-20.5,-5.7
2019-02-20,-8.2,-16.4,0.0
2019-02-21,-0.8,-3.8,2.2
2019-02-22,-2.8,-7.7,2.0
2019-02-23,-2.9,-8.5,2.7
2019-02-24,0.7,-5.2,6.5
2019-02-25,-7.1,-9.3,-4.8
2019-02-26,-9.8,-12.1,-7.5
2019-02-27,-13.4,-18.5,-8.3
2019-02-28,-15.4,-25.7,-5.2
2019-03-01,-9.3,-19.6,1.0
2019-03-02,-3.3,-6.0,-0.6
2019-03-03,-6.4,-9.9,-2.9
2019-03-04,-15.2,-20.4,-9.9
2019-03-05,-13.2,-16.7,-9.7
2019-03-06,-14.3,-17.4,-11.3
2019-03-07,-13.2,-19.3,-7.1
2019-03-08,-11.6,-21.0,-2.1
2019-03-09,-8.4,-17.4,0.6
2019-03-10,2.2,-0.7,5.0
2019-03-11,-1.2,-3.5,1.1
2019-03-12,-1.5,-4.8,1.8
2019-03-13,0.3,-5.3,5.8
2019-03-14,5.0,0.1,9.9
2019-03-15,3.7,-1.7,9.1
2019-03-16,-3.1,-5.0,-1.2
2019-03-17,-2.9,-6.5,0.7
2019-03-18,-2.0,-5.6,1.5
2019-03-19,-1.9,-9.1,5.2
2019-03-20,2.7,-2.5,8.0
2019-03-21,3.8,1.1,6.5
2019-03-22,-1.8,-5.3,1.7
2019-03-23,-2.6,-7.9,2.7
2019-03-24,2.8,-2.6,8.1
2019-03-25,-2.2,-7.6,3.2
2019-03-26,-1.4,-6.5,3.7
2019-03-27,1.0,-6.8,8.8
2019-03-28,3.9,-2.6,10.4
2019-03-29,5.7,1.6,9.7
2019-03-30,1.5,-1.0,4.1
2019-03-31,-3.7,-6.4,-1.0
2019-04-01,-3.4,-7.6,0.9
2019-04-02,2.6,-1.7,7.0
2019-04-03,0.4,-4.3,5.1
2019-04-04,-0.3,-4.8,4.2
2019-04-05,1.4,-1.0,3.7
2019-04-06,8.1,2.6,13.5
2019-04-07,7.6,2.5,12.7
2019-04-08,7.2,1.8,12.5
2019-04-09,5.0,2.1,7.9
2019-04-10,3.0,-0.8,6.8
2019-04-11,0.1,-2.0,2.1
2019-04-12,9.4,2.1,16.8
2019-04-13,6.1,-1.1,13.4
2019-04-14,0.9,-0.8,2.6
2019-04-15,3.9,0.4,7.4
2019-04-16,1.3,-3.8,6.4
2019-04-17,4.9,-3.2,13.0
2019-04-18,12.5,5.5,19.5
2019-04-19,8.2,4.0,12.4
2019-04-20,5.8,3.5,8.0
2019-04-21,8.4,4.0,12.9
2019-04-22,10.1,2.2,18.1
2019-04-23,10.8,4.7,16.8
2019-04-24,6.2,-0.3,12.7
2019-04-25,6.7,-2.1,15.4
2019-04-26,6.8,1.9,11.7
2019-04-27,2.4,-0.9,5.7
2019-04-28,3.0,-3.4,9.5
2019-04-29,1.0,-4.2,6.3
2019-04-30,4.9,2.0,7.9
2019-05-01,6.7,3.5,9.8
2019-05-02,10.6,5.2,16.0
2019-05-03,8.9,5.4,12.5
2019-05-04,8.9,5.8,12.1
2019-05-05,11.3,3.3,19.4
2019-05-06,12.0,2.6,21.4
2019-05-07,8.4,3.0,13.9
2019-05-08,6.2,1.6,10.9
2019-05-09,12.5,6.6,18.3
2019-05-10,9.5,2.1,16.8
2019-05-11,5.3,-0.9,11.4
2019-05-12,6.2,4.0,8.4
2019-05-13,6.0,3.9,8.1
2019-05-14,8.4,1.6,15.1
2019-05-15,10.6,1.5,19.8
2019-05-16,10.1,2.6,17.6
2019-05-17,10.1,3.5,16.8
2019-05-18,8.5,2.0,15.0
2019-05-19,17.1,6.2,27.9
2019-05-20,10.0,4.0,15.9
2019-05-21,10.0,2.3,17.7
2019-05-22,9.4,4.3,14.4
2019-05-23,15.0,6.0,24.1
2019-05-24,14.6,9.4,19.8
2019-05-25,16.3,9.2,23.4
2019-05-26,14.6,8.4,20.7
2019-05-27,14.8,6.4,23.1
2019-05-28,10.1,8.4,11.8
2019-05-29,13.3,10.1,16.5
2019-05-30,15.1,9.1,21.1
2019-05-31,13.8,5.3,22.3
2019-06-01,17.8,12.0,23.7
2019-06-02,11.7,5.7,17.7
2019-06-03,9.0,3.6,14.4
2019-06-04,11.8,2.1,21.4
2019-06-05,16.8,13.9,19.7
2019-06-06,17.1,10.6,23.6
2019-06-07,16.5,8.2,24.8
2019-06-08,16.6,10.2,22.9
2019-06-09,18.0,10.9,25.2
2019-06-10,15.9,11.8,20.1
2019-06-11,13.8,7.3,20.4
2019-06-12,13.7,5.3,22.0
2019-06-13,13.4,10.0,16.8
2019-06-14,14.6,8.6,20.7
2019-06-15,15.8,13.2,18.4
2019-06-16,14.5,9.7,19.3
2019-06-17,15.6,9.3,21.8
2019-06-18,18.5,12.6,24.4
2019-06-19,18.5,11.1,26.0
2019-06-20,18.1,14.4,21.8
2019-06-21,15.9,9.9,21.9
2019-06-22,15.7,8.3,23.2
2019-06-23,16.8,8.0,25.7
2019-06-24,18.5,11.1,25.9
2019-06-25,19.9,15.7,24.0
2019-06-26,20.5,14.0,27.0
2019-06-27,20.3,12.1,28.5
2019-06-28,20.2,12.4,28.1
2019-06-29,21.9,16.8,27.0
2019-06-30,17.2,11.1,23.3
2019-07-01,18.6,9.5,27.8
2019-07-02,21.0,17.1,24.9
2019-07-03,22.8,16.4,29.2
2019-07-04,21.5,13.0,30.0
2019-07-05,23.9,17.1,30.7
2019-07-06,25.0,20.9,29.0
2019-07-07,17.3,10.6,24.0
2019-07-08,17.2,8.7,25.7
2019-07-09,,,
2019-07-10,20.7,11.1,30.2
2019-07-11,22.5,15.9,29.1
2019-07-12,16.5,11.8,21.2
2019-07-13,20.0,11.2,28.8
2019-07-14,18.7,11.4,26.1
2019-07-15,18.2,8.5,27.8
2019-07-16,22.7,16.2,29.3
2019-07-17,23.2,18.4,27.9
2019-07-18,23.0,17.9,28.1
2019-07-19,25.1,21.6,28.6
2019-07-20,26.1,20.8,31.5
2019-07-21,21.3,15.8,26.7
2019-07-22,20.0,15.8,24.2
2019-07-23,18.2,11.6,24.7
2019-07-24,18.0,11.1,25.0
2019-07-25,19.0,10.8,27.2
2019-07-26,20.7,12.8,28.5
2019-07-27,20.5,13.1,27.9
2019-07-28,24.0,18.3,29.7
2019-07-29,23.6,17.7,29.5
2019-07-30,22.4,17.2,27.6
2019-07-31,18.9,11.9,26.0
2019-08-01,18.0,10.2,25.9
2019-08-02,18.7,9.8,27.5
2019-08-03,18.9,8.9,28.9
2019-08-04,19.7,12.7,26.7
2019-08-05,20.0,11.2,28.7
2019-08-06,21.4,17.2,25.6
2019-08-07,20.2,12.9,27.6
2019-08-08,17.8,11.8,23.8
2019-08-09,17.4,10.9,23.9
2019-08-10,16.0,9.0,23.1
2019-08-11,17.4,7.7,27.1
2019-08-12,25.1,17.6,32.5
2019-08-13,21.6,14.6,28.7
2019-08-14,18.5,11.5,25.6
2019-08-15,17.1,11.7,22.4
2019-08-16,19.0,12.3,25.8
2019-08-17,20.6,14.0,27.3
2019-08-18,22.8,15.7,30.0
2019-08-19,19.7,13.5,25.9
2019-08-20,20.3,12.8,27.8
2019-08-21,22.7,17.3,28.1
2019-08-22,16.3,10.6,22.0
2019-08-23,14.5,7.9,21.0
2019-08-24,14.7,7.6,21.7
2019-08-25,15.4,8.7,22.1
2019-08-26,17.4,11.1,23.7
2019-08-27,19.2,16.9,21.4
2019-08-28,18.4,12.6,24.2
2019-08-29,17.5,11.8,23.3
2019-08-30,15.3,8.6,21.9
2019-08-31,13.4,5.7,21.2
2019-09-01,14.2,11.2,17.2
2019-09-02,16.2,9.6,22.7
2019-09-03,15.5,7.7,23.3
2019-09-04,13.3,6.2,20.4
2019-09-05,12.9,4.0,21.8
2019-09-06,13.2,7.1,19.4
2019-09-07,16.4,11.2,21.6
2019-09-08,11.0,4.5,17.5
2019-09-09,12.1,5.5,18.6
2019-09-10,16.1,6.9,25.2
2019-09-11,21.8,16.5,27.1
2019-09-12,14.5,10.4,18.5
2019-09-13,16.2,10.9,21.5
2019-09-14,14.5,8.5,20.5
2019-09-15,12.1,7.7,16.6
2019-09-16,13.8,9.9,17.7
2019-09-17,15.1,7.4,22.9
2019-09-18,15.3,7.7,22.9
2019-09-19,15.7,8.8,22.5
2019-09-20,17.0,8.1,26.0
2019-09-21,20.1,12.1,28.1
2019-09-22,24.1,19.4,28.7
2019-09-23,17.9,13.4,22.5
2019-09-24,13.6,7.0,20.2
2019-09-25,16.4,8.8,24.1
2019-09-26,12.0,4.8,19.2
2019-09-27,12.2,3.1,21.2
2019-09-28,13.1,7.1,19.2
2019-09-29,10.0,6.7,13.4
2019-09-30,14.5,11.2,17.8
2019-10-01,21.0,12.6,29.4
2019-10-02,13.1,7.5,18.8
2019-10-03,,,
2019-10-04,6.3,0.5,12.0
2019-10-05,6.0,0.4,11.5
2019-10-06,13.7,8.2,19.2
2019-10-07,9.6,2.7,16.6
2019-10-08,9.0,1.1,17.0
2019-10-09,9.0,1.2,16.8
2019-10-10,10.4,4.6,16.1
2019-10-11,14.3,9.2,19.4
2019-10-12,6.6,-0.3,13.4
2019-10-13,6.8,-2.0,15.6
2019-10-14,6.3,2.2,10.5
2019-10-15,6.3,-1.6,14.3
2019-10-16,8.5,5.4,11.7
2019-10-17,5.3,3.5,7.1
2019-10-18,4.2,-2.1,10.6
2019-10-19,5.0,-3.3,13.3
2019-10-20,11.2,3.6,18.8
2019-10-21,9.2,2.8,15.6
2019-10-22,12.4,8.2,16.5
2019-10-23,9.0,5.9,12.1
2019-10-24,6.7,1.1,12.3
2019-10-25,4.8,-1.2,10.7
2019-10-26,3.1,-3.4,9.5
2019-10-27,10.4,7.5,13.4
2019-10-28,9.0,1.4,16.6
2019-10-29,7.5,0.6,14.4
2019-10-30,6.4,5.0,7.8
2019-10-31,5.5,1.9,9.0
2019-11-01,0.7,-1.0,2.4
2019-11-02,2.6,-0.3,5.5
2019-11-03,1.5,-1.6,4.6
2019-11-04,5.8,1.4,10.2
2019-11-05,,,
2019-11-06,,,
2019-11-07,-1.9,-5.1,1.2
2019-11-08,-4.5,-8.6,-0.5
2019-11-09,-1.2,-4.7,2.3
2019-11-10,1.1,-1.9,4.1
2019-11-11,-4.7,-7.5,-1.9
2019-11-12,-8.5,-11.2,-5.9
2019-11-13,-7.9,-11.5,-4.4
2019-11-14,-2.6,-4.5,-0.7
2019-11-15,-3.1,-7.7,1.4
2019-11-16,-7.9,-11.5,-4.2
2019-11-17,-3.9,-9.6,1.9
2019-11-18,0.6,-0.3,1.4
2019-11-19,1.2,0.3,2.1
2019-11-20,0.7,-4.6,6.1
2019-11-21,2.5,-4.7,9.8
2019-11-22,2.5,-2.7,7.7
2019-11-23,,,
2019-11-24,0.9,-6.0,7.9
2019-11-25,2.8,-1.4,6.9
2019-11-26,4.3,-0.3,9.0
2019-11-27,6.7,3.0,10.3
2019-11-28,0.3,-3.5,4.2
2019-11-29,-2.4,-4.3,-0.4
2019-11-30,-3.2,-5.1,-1.3
2019-12-01,-2.1,-4.0,-0.1
2019-12-02,-6.3,-11.2,-1.4
2019-12-03,-6.7,-13.0,-0.4
2019-12-04,0.3,-1.4,2.1
2019-12-05,-1.7,-2.2,-1.1
2019-12-06,-2.1,-4.0,-0.3
2019-12-07,-6.3,-11.6,-1.0
2019-12-08,-1.7,-9.5,6.1
2019-12-09,6.9,4.9,8.8
2019-12-10,1.1,-6.6,8.7
2019-12-11,-6.9,-8.7,-5.1
2019-12-12,-6.6,-12.0,-1.3
2019-12-13,0.5,-3.2,4.1
2019-12-14,0.8,0.3,1.4
2019-12-15,-3.8,-8.1,0.5
2019-12-16,-4.5,-8.5,-0.5
2019-12-17,-2.9,-5.8,-0.1
2019-12-18,-10.2,-16.4,-3.9
2019-12-19,-13.2,-19.6,-6.8
2019-12-20,-8.7,-12.5,-5.0
2019-12-21,-2.4,-7.9,3.1
2019-12-22,1.7,-2.3,5.7
2019-12-23,2.4,-1.9,6.8
2019-12-24,-2.2,-4.1,-0.4
2019-12-25,0.1,-2.3,2.5
2019-12-26,1.6,-0.1,3.3
2019-12-27,5.6,1.4,9.9
2019-12-28,-0.2,-3.3,2.8
2019-12-29,-1.3,-3.7,1.2
2019-12-30,4.0,0.1,7.9
2019-12-31,-0.8,-2.4,0.8
2020-01-01,-3.4,-4.9,-2.0
2020-01-02,1.3,-2.0,4.7
2020-01-03,3.0,1.1,4.9
2020-01-04,-0.2,-1.6,1.2
2020-01-05,-1.4,-2.7,-0.1
2020-01-06,-1.9,-4.8,0.9
2020-01-07,-3.7,-10.3,2.8
2020-01-08,-5.8,-9.9,-1.7
2020-01-09,-7.1,-16.9,2.6
2020-01-10,4.4,2.6,6.1
2020-01-11,6.1,0.7,11.5
2020-01-12,-3.5,-7.8,0.8
2020-01-13,-2.2,-5.2,0.9
2020-01-14,-0.4,-3.0,2.1
2020-01-15,1.1,0.0,2.3
2020-01-16,-4.7,-9.6,0.1
2020-01-17,-10.6,-14.2,-7.1
2020-01-18,-3.8,-8.9,1.4
2020-01-19,-10.7,-20.3,-1.1
2020-01-20,-14.1,-22.9,-5.2
2020-01-21,-6.7,-9.0,-4.4
2020-01-22,-4.7,-9.0,-0.4
2020-01-23,-2.4,-8.1,3.2
2020-01-24,0.9,-1.4,3.2
2020-01-25,1.8,0.4,3.1
2020-01-26,0.3,-0.7,1.4
2020-01-27,-0.9,-1.6,-0.3
2020-01-28,-1.9,-3.4,-0.4
2020-01-29,-7.1,-11.6,-2.6
2020-01-30,-6.5,-11.4,-1.5
2020-01-31,-5.0,-9.3,-0.7
2020-02-01,-4.0,-7.0,-1.0
2020-02-02,-0.1,-2.0,1.7
2020-02-03,0.2,-2.8,3.3
2020-02-04,-2.4,-5.7,0.9
2020-02-05,-6.8,-9.6,-4.1
2020-02-06,-6.2,-7.6,-4.8
2020-02-07,-7.6,-10.9,-4.3
2020-02-08,-11.8,-18.6,-5.0
2020-02-09,-8.7,-17.3,0.0
2020-02-10,0.3,-1.1,1.6
2020-02-11,-2.1,-4.3,0.1
2020-02-12,-3.0,-6.0,0.0
2020-02-13,-8.4,-16.5,-0.3
2020-02-14,-18.4,-27.5,-9.2
2020-02-15,-8.9,-16.8,-0.9
2020-02-16,-2.5,-6.5,1.4
2020-02-17,-7.0,-14.3,0.4
2020-02-18,0.3,-3.0,3.7
2020-02-19,-6.0,-9.6,-2.4
2020-02-20,-10.9,-15.2,-6.6
2020-02-21,-7.5,-13.6,-1.4
2020-02-22,-1.4,-6.0,3.1
2020-02-23,2.8,-1.0,6.5
2020-02-24,2.6,-1.1,6.4
2020-02-25,1.0,-0.3,2.4
2020-02-26,-2.0,-5.3,1.4
2020-02-27,-6.4,-7.5,-5.3
2020-02-28,-8.0,-10.7,-5.3
2020-02-29,-10.2,-15.8,-4.7
2020-03-01,-8.4,-18.5,1.8
2020-03-02,2.1,-0.8,4.9
2020-03-03,1.4,-0.2,3.1
2020-03-04,1.0,-1.2,3.2
2020-03-05,-1.5,-7.3,4.4
2020-03-06,-0.9,-3.1,1.3
2020-03-07,-5.3,-11.2,0.6
2020-03-08,3.8,-1.4,9.0
2020-03-09,9.7,4.6,14.8
2020-03-10,3.6,-2.8,9.9
2020-03-11,-1.3,-5.7,3.0
2020-03-12,2.0,-0.8,4.7
2020-03-13,4.2,0.2,8.1
2020-03-14,-1.2,-2.9,0.6
2020-03-15,-2.0,-7.0,3.0
2020-03-16,-1.6,-8.1,4.9
2020-03-17,0.4,-5.0,5.8
2020-03-18,-1.8,-7.0,3.3
2020-03-19,3.9,0.4,7.5
2020-03-20,5.5,-4.9,15.9
2020-03-21,-4.0,-8.4,0.5
2020-03-22,-5.1,-10.3,0.1
2020-03-23,0.3,-1.7,2.3
2020-03-24,2.5,-0.9,5.9
2020-03-25,5.4,-1.4,12.2
2020-03-26,4.8,-1.9,11.4
2020-03-27,5.6,0.0,11.3
2020-03-28,5.1,1.5,8.7
2020-03-29,12.3,4.5,20.1
2020-03-30,4.9,3.2,6.7
2020-03-31,4.2,2.8,5.6
2020-04-01,4.6,-1.9,11.2
2020-04-02,5.4,-2.3,13.2
2020-04-03,5.6,0.4,10.9
2020-04-04,8.0,3.0,12.9
2020-04-05,4.1,-2.1,10.2
2020-04-06,4.5,-5.1,14.2
2020-04-07,6.0,-1.8,13.7
2020-04-08,7.9,3.8,12.0
2020-04-09,3.7,-0.1,7.5
2020-04-10,1.4,-1.4,4.2
2020-04-11,3.5,-1.9,8.8
2020-04-12,8.4,0.1,16.8
2020-04-13,6.4,0.4,12.4
2020-04-14,0.9,-3.2,4.9
2020-04-15,-1.6,-5.9,2.8
2020-04-16,-1.7,-6.3,2.9
2020-04-17,0.1,-3.9,4.2
2020-04-18,2.9,-3.5,9.2
2020-04-19,3.4,-5.2,11.9
2020-04-20,0.8,-8.1,9.8
2020-04-21,1.2,-3.4,5.9
2020-04-22,-0.3,-4.1,3.4
2020-04-23,1.3,-2.6,5.2
2020-04-24,4.1,-1.5,9.7
2020-04-25,4.2,-4.7,13.0
2020-04-26,7.3,2.6,12.1
2020-04-27,6.2,-2.6,15.0
2020-04-28,9.6,5.6,13.7
2020-04-29,10.1,6.4,13.8
2020-04-30,11.8,8.4,15.3
2020-05-01,9.6,3.6,15.7
2020-05-02,8.7,1.4,15.9
2020-05-03,11.2,3.6,18.8
2020-05-04,4.8,0.5,9.1
2020-05-05,4.0,-3.3,11.3
2020-05-06,6.4,-0.4,13.3
2020-05-07,5.3,-2.2,12.9
2020-05-08,0.5,-3.6,4.6
2020-05-09,0.6,-3.4,4.7
2020-05-10,3.0,-4.9,10.8
2020-05-11,1.7,-1.8,5.1
2020-05-12,3.1,-2.7,8.9
2020-05-13,3.3,-6.1,12.7
2020-05-14,7.6,2.2,12.9
2020-05-15,10.9,4.1,17.7
2020-05-16,11.1,3.0,19.1
2020-05-17,10.5,6.6,14.4
2020-05-18,11.2,10.4,12.0
2020-05-19,13.9,10.6,17.3
2020-05-20,11.8,5.3,18.3
2020-05-21,11.4,1.5,21.3
2020-05-22,14.9,5.6,24.2
2020-05-23,17.4,9.6,25.2
2020-05-24,19.9,12.2,27.6
2020-05-25,23.6,16.4,30.8
2020-05-26,23.1,15.3,30.9
2020-05-27,21.8,15.0,28.5
2020-05-28,20.0,18.4,21.6
2020-05-29,17.5,10.5,24.6
2020-05-30,10.8,5.9,15.8
2020-05-31,9.4,4.0,14.8
2020-06-01,11.9,2.5,21.3
2020-06-02,19.6,12.5,26.7
2020-06-03,18.5,11.7,25.2
2020-06-04,19.4,10.6,28.2
2020-06-05,20.7,12.3,29.1
2020-06-06,17.0,10.0,24.0
2020-06-07,14.2,7.5,20.8
2020-06-08,16.5,7.5,25.5
2020-06-09,21.5,11.2,31.8
2020-06-10,23.4,16.9,29.9
2020-06-11,17.6,13.5,21.6
2020-06-12,9.6,4.0,15.2
2020-06-13,10.6,3.5,17.7
2020-06-14,10.0,3.1,16.9
2020-06-15,12.1,4.6,19.6
2020-06-16,13.4,4.0,22.9
2020-06-17,16.9,6.6,27.3
2020-06-18,19.0,9.7,28.3
2020-06-19,21.0,13.5,28.5
2020-06-20,21.2,13.5,28.8
2020-06-21,22.3,13.3,31.2
2020-06-22,22.1,16.6,27.7
2020-06-23,19.5,15.1,23.9
2020-06-24,17.4,13.9,21.0
2020-06-25,16.3,8.3,24.2
2020-06-26,18.7,9.9,27.5
2020-06-27,21.9,17.5,26.3
2020-06-28,21.0,15.1,26.9
2020-06-29,20.9,12.8,29.1
2020-06-30,21.3,14.9,27.7
2020-07-01,21.6,13.7,29.6
2020-07-02,23.2,14.8,31.6
2020-07-03,23.8,17.3,30.4
2020-07-04,21.7,12.7,30.7
2020-07-05,20.8,10.3,31.2
2020-07-06,23.3,14.7,31.9
2020-07-07,24.3,14.8,33.7
2020-07-08,26.1,18.8,33.3
2020-07-09,25.5,16.7,34.3
2020-07-10,25.6,18.8,32.4
2020-07-11,21.3,18.0,24.6
2020-07-12,20.0,15.1,24.9
2020-07-13,18.5,13.3,23.7
2020-07-14,19.6,12.5,26.6
2020-07-15,21.0,12.8,29.3
2020-07-16,21.7,18.0,25.4
2020-07-17,23.7,17.2,30.2
2020-07-18,23.5,15.1,31.9
2020-07-19,24.5,20.0,29.0
2020-07-20,21.0,14.6,27.4
2020-07-21,,,
2020-07-22,,,
2020-07-23,20.8,14.8,26.8
2020-07-24,21.4,15.2,27.5
2020-07-25,21.4,13.7,29.1
2020-07-26,24.2,16.9,31.5
2020-07-27,24.6,19.1,30.0
2020-07-28,22.2,16.1,28.3
2020-07-29,21.5,15.1,27.9
2020-07-30,19.3,11.5,27.1
2020-07-31,21.0,14.1,28.0
2020-08-01,21.2,13.2,29.2
2020-08-02,21.9,17.6,26.2
2020-08-03,20.0,16.2,23.8
2020-08-04,20.0,14.9,25.1
2020-08-05,15.7,10.2,21.2
2020-08-06,16.3,8.4,24.2
2020-08-07,17.5,10.1,24.8
2020-08-08,19.3,12.0,26.6
2020-08-09,23.6,18.7,28.5
2020-08-10,24.3,18.2,30.4
2020-08-11,18.4,10.8,26.0
2020-08-12,19.0,9.2,28.7
2020-08-13,20.7,13.1,28.3
2020-08-14,20.2,13.4,26.9
2020-08-15,18.9,11.5,26.4
2020-08-16,18.7,14.1,23.4
2020-08-17,19.1,12.3,25.8
2020-08-18,16.0,8.5,23.5
2020-08-19,14.1,6.0,22.2
2020-08-20,15.6,5.7,25.6
2020-08-21,20.8,13.3,28.4
2020-08-22,22.1,13.7,30.4
2020-08-23,22.2,13.2,31.3
2020-08-24,23.0,15.2,30.8
2020-08-25,19.6,12.0,27.2
2020-08-26,15.8,10.0,21.6
2020-08-27,20.7,13.8,27.6
2020-08-28,18.1,12.0,24.2
2020-08-29,18.9,14.8,23.0
2020-08-30,16.3,11.0,21.7
2020-08-31,16.9,9.9,23.9
2020-09-01,22.7,17.7,27.8
2020-09-02,19.0,12.8,25.1
2020-09-03,17.9,9.6,26.2
2020-09-04,14.6,9.3,19.9
2020-09-05,12.0,6.3,17.7
2020-09-06,12.6,3.7,21.4
2020-09-07,18.4,13.9,22.9
2020-09-08,12.8,11.7,13.9
2020-09-09,14.4,12.2,16.5
2020-09-10,15.3,10.9,19.7
2020-09-11,11.6,6.2,17.1
2020-09-12,13.7,6.2,21.2
2020-09-13,17.7,13.0,22.4
2020-09-14,9.0,1.9,16.0
2020-09-15,9.3,0.3,18.3
2020-09-16,17.7,12.5,22.9
2020-09-17,11.7,5.4,18.0
2020-09-18,7.3,0.3,14.2
2020-09-19,6.2,-2.5,14.9
2020-09-20,8.9,1.8,16.0
2020-09-21,10.0,0.3,19.6
2020-09-22,11.8,1.3,22.4
2020-09-23,15.6,5.9,25.2
2020-09-24,17.0,8.7,25.4
2020-09-25,17.5,9.2,25.7
2020-09-26,16.6,7.5,25.7
2020-09-27,20.9,17.8,24.0
2020-09-28,18.5,12.5,24.5
2020-09-29,13.9,10.9,16.9
2020-09-30,11.8,7.9,15.8
2020-10-01,,,
2020-10-02,6.2,0.3,12.1
2020-10-03,5.2,-1.4,11.7
2020-10-04,7.3,4.6,10.0
2020-10-05,9.5,5.1,13.8
2020-10-06,11.6,5.3,17.9
2020-10-07,12.0,7.1,16.8
2020-10-08,8.4,1.1,15.6
2020-10-09,9.0,-0.9,18.9
2020-10-10,13.0,5.9,20.0
2020-10-11,6.7,3.2,10.1
2020-10-12,11.1,6.7,15.5
2020-10-13,11.8,7.5,16.1
2020-10-14,8.8,2.5,15.1
2020-10-15,10.8,6.0,15.6
2020-10-16,3.9,-2.1,10.0
2020-10-17,4.0,-3.1,11.2
2020-10-18,8.8,5.4,12.1
2020-10-19,5.8,4.8,6.9
2020-10-20,7.8,4.7,10.8
2020-10-21,9.3,2.6,16.0
2020-10-22,8.7,6.8,10.6
2020-10-23,15.2,6.4,24.1
2020-10-24,3.0,-0.6,6.6
2020-10-25,2.6,-0.1,5.4
2020-10-26,4.7,1.7,7.7
2020-10-27,4.1,1.7,6.5
2020-10-28,5.6,1.1,10.1
2020-10-29,5.3,1.0,9.5
2020-10-30,-2.4,-7.4,2.6
2020-10-31,-2.2,-8.9,4.5
2020-11-01,3.5,-1.4,8.5
2020-11-02,0.8,-3.6,5.2
2020-11-03,3.8,-1.3,9.0
2020-11-04,7.8,-2.1,17.7
2020-11-05,13.6,9.8,17.5
2020-11-06,13.3,7.3,19.3
2020-11-07,10.8,2.1,19.5
2020-11-08,10.8,0.4,21.2
2020-11-09,13.3,3.8,22.8
2020-11-10,14.9,7.2,22.5
2020-11-11,10.6,3.9,17.2
2020-11-12,3.6,-2.3,9.4
2020-11-13,2.5,-2.2,7.3
2020-11-14,2.3,-1.7,6.3
2020-11-15,6.1,1.4,10.8
2020-11-16,0.8,-0.9,2.4
2020-11-17,-2.4,-5.3,0.6
2020-11-18,-1.9,-5.3,1.5
2020-11-19,6.6,0.1,13.0
2020-11-20,10.0,3.9,16.0
2020-11-21,-1.3,-6.6,4.0
2020-11-22,-3.2,-6.4,0.0
2020-11-23,-0.1,-2.3,2.1
2020-11-24,-1.0,-2.3,0.4
2020-11-25,3.1,-0.1,6.3
2020-11-26,6.8,4.5,9.1
2020-11-27,4.9,3.9,5.9
2020-11-28,3.3,0.9,5.7
2020-11-29,3.7,-1.8,9.3
2020-11-30,1.6,-1.7,4.9
2020-12-01,-1.7,-2.4,-0.9
2020-12-02,-0.3,-3.5,3.0
2020-12-03,0.5,-2.3,3.2
2020-12-04,0.8,-0.1,1.7
2020-12-05,-1.9,-4.2,0.4
2020-12-06,-5.5,-9.7,-1.2
2020-12-07,-6.3,-12.1,-0.5
2020-12-08,-5.0,-10.3,0.2
2020-12-09,1.1,-0.4,2.6
2020-12-10,1.3,-2.8,5.4
2020-12-11,2.7,-2.8,8.3
2020-12-12,5.7,2.0,9.3
2020-12-13,0.6,-1.9,3.0
2020-12-14,-1.9,-4.0,0.1
2020-12-15,-6.1,-8.6,-3.6
2020-12-16,-7.9,-9.0,-6.8
2020-12-17,-8.0,-11.5,-4.6
2020-12-18,-6.8,-12.9,-0.7
2020-12-19,-1.0,-2.8,0.7
2020-12-20,0.3,-1.8,2.5
2020-12-21,0.2,-2.4,2.8
2020-12-22,-0.7,-2.8,1.3
2020-12-23,2.6,-1.0,6.2
2020-12-24,2.1,-4.4,8.7
2020-12-25,-4.5,-6.8,-2.2
2020-12-26,-5.5,-7.3,-3.8
2020-12-27,-1.1,-4.5,2.4
2020-12-28,-0.1,-4.0,3.7
2020-12-29,-7.1,-10.9,-3.4
2020-12-30,-1.5,-6.7,3.6
2020-12-31,-4.9,-9.2,-0.6
2021-01-01,-5.9,-11.9,0.1
2021-01-02,-1.6,-3.5,0.2
2021-01-03,-0.9,-2.6,0.9
2021-01-04,-0.5,-1.5,0.4
2021-01-05,-0.7,-1.8,0.5
2021-01-06,-1.0,-3.5,1.6
2021-01-07,-5.9,-11.7,-0.1
2021-01-08,-6.8,-11.9,-1.7
2021-01-09,-3.6,-10.4,3.2
2021-01-10,-5.1,-9.8,-0.3
2021-01-11,-4.8,-8.1,-1.6
2021-01-12,-3.2,-4.0,-2.5
2021-01-13,-0.9,-3.1,1.3
2021-01-14,0.2,-2.8,3.2
2021-01-15,1.5,0.2,2.8
2021-01-16,-0.9,-2.9,1.0
2021-01-17,-1.0,-3.3,1.4
2021-01-18,-3.3,-6.1,-0.5
2021-01-19,-3.4,-5.4,-1.4
2021-01-20,-6.3,-9.7,-2.8
2021-01-21,-0.7,-2.8,1.4
2021-01-22,-4.7,-9.4,0.1
2021-01-23,-9.6,-12.3,-6.9
2021-01-24,-6.8,-10.1,-3.6
2021-01-25,-3.0,-6.2,0.2
2021-01-26,-4.6,-7.3,-1.9
2021-01-27,-7.4,-10.4,-4.5
2021-01-28,-12.7,-16.9,-8.5
2021-01-29,-11.8,-16.4,-7.2
2021-01-30,-9.3,-16.0,-2.7
2021-01-31,-7.8,-10.3,-5.3
2021-02-01,-7.5,-11.1,-3.9
2021-02-02,-5.7,-11.2,-0.2
2021-02-03,-4.9,-9.6,-0.2
2021-02-04,-5.7,-14.2,2.8
2021-02-05,-4.5,-9.8,0.8
2021-02-06,-9.2,-10.8,-7.5
2021-02-07,-13.2,-17.2,-9.1
2021-02-08,-13.1,-16.9,-9.3
2021-02-09,-10.8,-15.4,-6.3
2021-02-10,-13.5,-19.5,-7.6
2021-02-11,-10.6,-15.0,-6.3
2021-02-12,-13.9,-18.0,-9.8
2021-02-13,-13.9,-17.7,-10.1
2021-02-14,-12.7,-20.0,-5.4
2021-02-15,-7.9,-12.3,-3.6
2021-02-16,-14.5,-21.0,-8.0
2021-02-17,-14.2,-22.1,-6.4
2021-02-18,-9.1,-13.1,-5.1
2021-02-19,-7.4,-11.3,-3.6
2021-02-20,-9.8,-16.5,-3.1
2021-02-21,-12.2,-21.3,-3.1
2021-02-22,-1.6,-4.8,1.7
2021-02-23,0.2,-3.0,3.5
2021-02-24,1.7,-4.3,7.6
2021-02-25,-3.2,-5.2,-1.1
2021-02-26,-4.9,-12.2,2.3
2021-02-27,-1.5,-6.0,3.0
2021-02-28,0.1,-5.6,5.9
2021-03-01,-4.0,-11.9,3.9
2021-03-02,-7.5,-13.5,-1.5
2021-03-03,-0.3,-4.6,4.1
2021-03-04,-5.0,-10.4,0.4
2021-03-05,-6.2,-11.0,-1.3
2021-03-06,-7.6,-11.7,-3.4
2021-03-07,-9.4,-15.2,-3.6
2021-03-08,-4.1,-14.3,6.0
2021-03-09,2.9,-3.2,8.9
2021-03-10,6.0,-4.0,16.1
2021-03-11,10.8,3.6,17.9
2021-03-12,1.8,-4.9,8.6
2021-03-13,-1.6,-7.7,4.6
2021-03-14,-2.0,-6.7,2.7
2021-03-15,-5.5,-10.7,-0.3
2021-03-16,-0.3,-3.5,2.8
2021-03-17,5.7,-0.3,11.7
2021-03-18,1.3,-3.6,6.1
2021-03-19,-0.4,-6.8,5.9
2021-03-20,2.8,-7.4,12.9
2021-03-21,4.7,-6.9,16.2
2021-03-22,7.0,-4.7,18.8
2021-03-23,7.9,-2.3,18.1
2021-03-24,12.5,6.8,18.1
2021-03-25,13.0,6.1,19.9
2021-03-26,5.4,2.4,8.3
2021-03-27,5.7,2.6,8.8
2021-03-28,4.3,0.2,8.3
2021-03-29,2.2,-1.2,5.5
2021-03-30,8.5,-1.3,18.4
2021-03-31,6.4,-1.5,14.2
2021-04-01,-2.1,-5.1,1.0
2021-04-02,-1.4,-6.5,3.7
2021-04-03,0.4,-7.9,8.6
2021-04-04,5.5,-4.4,15.4
2021-04-05,5.5,-1.2,12.2
2021-04-06,8.2,-0.8,17.1
2021-04-07,10.7,3.6,17.9
2021-04-08,14.9,8.0,21.9
2021-04-09,15.9,10.5,21.2
2021-04-10,15.8,10.4,21.3
2021-04-11,13.8,9.8,17.8
2021-04-12,9.1,6.3,11.9
2021-04-13,10.0,4.3,15.8
2021-04-14,7.3,1.5,13.2
2021-04-15,4.6,1.6,7.5
2021-04-16,4.1,2.2,6.0
2021-04-17,7.5,2.9,12.0
2021-04-18,6.4,-0.9,13.6
2021-04-19,6.7,-2.5,16.0
2021-04-20,1.0,-1.3,3.4
2021-04-21,-0.9,-4.1,2.3
2021-04-22,-0.1,-4.0,3.8
2021-04-23,5.7,-5.4,16.8
2021-04-24,8.3,0.1,16.6
2021-04-25,4.6,-0.5,9.7
2021-04-26,4.2,-2.2,10.5
2021-04-27,10.2,4.0,16.4
2021-04-28,13.9,6.8,21.0
2021-04-29,8.3,6.2,10.4
2021-04-30,4.5,1.7,7.3
2021-05-01,5.4,-2.4,13.2
2021-05-02,11.6,4.8,18.4
2021-05-03,9.9,6.9,12.9
2021-05-04,9.7,6.7,12.8
2021-05-05,6.1,2.3,10.0
2021-05-06,5.8,-0.4,12.0
